date,CCAA_ISO,TEMP_PROM,TEMP_MIN,TEMP_MAX
2020-01-31,AN,13.8,3.8,24.5
2020-01-31,AR,10.8,0.1,21
2020-01-31,AS,12.9,3.5,21.6
2020-01-31,CB,12.4,0.2,22.2
2020-01-31,CE,17.3,13.1,21.5
2020-01-31,CL,10.2,0.6,18.1
2020-01-31,CM,10.4,1.3,18.1
2020-01-31,CN,19.4,1.4,27.7
2020-01-31,CT,11.8,0.3,22.8
2020-01-31,EX,12.4,6.5,17
2020-01-31,GA,13.8,7.9,20.5
2020-01-31,IB,13.9,4.4,21.2
2020-01-31,MC,14.9,4.9,23.4
2020-01-31,MD,10.6,2.4,16.2
2020-01-31,ML,19,15,23
2020-01-31,NC,12.5,3.4,22.8
2020-01-31,PV,14.2,4.1,22.7
2020-01-31,RI,11.2,2.8,19.3
2020-01-31,VC,15.2,2,24.4
2020-02-01,AN,15,5.6,27.2
2020-02-01,AR,11.5,-0.4,21.7
2020-02-01,AS,14.8,6.6,22.6
2020-02-01,CB,14.3,5,22.6
2020-02-01,CE,18.6,14.5,22.8
2020-02-01,CL,12,1.3,19.3
2020-02-01,CM,12,0.9,18
2020-02-01,CN,18.9,3.9,29.8
2020-02-01,CT,12,-0.1,23.4
2020-02-01,EX,13.6,7.6,18.5
2020-02-01,GA,14.3,9.2,20.6
2020-02-01,IB,13.5,2.8,22.6
2020-02-01,MC,16.1,6.9,25.5
2020-02-01,MD,12.2,4.2,19.3
2020-02-01,ML,17.4,13.2,21.6
2020-02-01,NC,13.2,3.5,20.8
2020-02-01,PV,15.6,8.2,22.8
2020-02-01,RI,12.8,6.2,19.9
2020-02-01,VC,16.3,2.4,27.3
2020-02-02,AN,15.7,3,25.2
2020-02-02,AR,12.4,-0.8,23.5
2020-02-02,AS,16.4,5.4,24.9
2020-02-02,CB,16,5.6,25.2
2020-02-02,CE,15.6,14.2,17
2020-02-02,CL,11.6,-1.4,20
2020-02-02,CM,11.2,-0.4,24.1
2020-02-02,CN,19.1,3,29.5
2020-02-02,CT,13.1,-1.5,25.3
2020-02-02,EX,13.8,5.8,23
2020-02-02,GA,15.4,5.1,23.5
2020-02-02,IB,14.9,4.2,25.8
2020-02-02,MC,16.2,4,24.8
2020-02-02,MD,9.9,2.1,18.1
2020-02-02,ML,16.5,12.4,20.6
2020-02-02,NC,13.8,3.2,24
2020-02-02,PV,17,8.1,25.6
2020-02-02,RI,13.4,3.9,21
2020-02-02,VC,16.5,0.4,26.3
2020-02-03,AN,16.5,-0.3,27.7
2020-02-03,AR,12.7,0.2,23.6
2020-02-03,AS,16.5,3.9,27
2020-02-03,CB,16,1,27.8
2020-02-03,CE,16.4,13.2,19.6
2020-02-03,CL,10.6,-2.4,22.2
2020-02-03,CM,12.1,0.6,26.7
2020-02-03,CN,20.3,3.7,30.4
2020-02-03,CT,14.4,-0.2,25.8
2020-02-03,EX,14.1,4.8,24.1
2020-02-03,GA,14.8,1,24.5
2020-02-03,IB,16,5,26.6
2020-02-03,MC,16.5,4.6,26.2
2020-02-03,MD,11.7,0.3,21.9
2020-02-03,ML,15,11.2,18.9
2020-02-03,NC,12.7,1.3,25.6
2020-02-03,PV,16.6,2.8,27.4
2020-02-03,RI,12.9,1.9,22.1
2020-02-03,VC,16.7,0.4,28.4
2020-02-04,AN,15.5,-0.1,27.6
2020-02-04,AR,10.2,-2.7,21.2
2020-02-04,AS,10.2,-0.1,17.4
2020-02-04,CB,9.4,0.2,17
2020-02-04,CE,16.7,12.4,21
2020-02-04,CL,8.3,-2.1,19.3
2020-02-04,CM,11.3,-2.5,26
2020-02-04,CN,20.6,4.5,30.8
2020-02-04,CT,12,-1.6,22.7
2020-02-04,EX,12.7,3.5,23.7
2020-02-04,GA,11.7,0.7,20.1
2020-02-04,IB,15.9,5,25.7
2020-02-04,MC,17.4,4.9,28.4
2020-02-04,MD,10.8,0.9,21.9
2020-02-04,ML,13.1,9.4,16.8
2020-02-04,NC,9.5,2.2,16.1
2020-02-04,PV,10.3,2.8,17.7
2020-02-04,RI,8.8,-2.6,17.3
2020-02-04,VC,17,-0.9,29.6
2020-02-05,AN,13.5,0.5,23.2
2020-02-05,AR,6.1,-3.7,17.5
2020-02-05,AS,8.1,-0.6,15.3
2020-02-05,CB,6.9,-2.4,14
2020-02-05,CE,13.2,11.1,15.3
2020-02-05,CL,5.6,-4.7,18.6
2020-02-05,CM,8.2,-3.9,20.5
2020-02-05,CN,19.7,6.5,29.5
2020-02-05,CT,7.9,-4.6,18.2
2020-02-05,EX,12.3,2,22.8
2020-02-05,GA,10.8,0.3,21.4
2020-02-05,IB,10.5,1.5,17.9
2020-02-05,MC,11.9,3,21.2
2020-02-05,MD,7.4,-2.4,16.5
2020-02-05,NC,6.4,-2.5,14
2020-02-05,PV,6.7,-1.2,13.6
2020-02-05,RI,5.8,-4.6,13.8
2020-02-05,VC,10.5,-1.2,17.5
2020-02-06,AN,12.7,0.6,21.7
2020-02-06,AR,6.5,-5.1,18.1
2020-02-06,AS,9.2,-1.1,19.6
2020-02-06,CB,8.3,-6,20.5
2020-02-06,CE,14.1,13.4,14.8
2020-02-06,CL,6.3,-6.3,18.4
2020-02-06,CM,8.1,-5.8,18.6
2020-02-06,CN,17.3,4.7,25.3
2020-02-06,CT,7.4,-6.8,19.7
2020-02-06,EX,10.6,-0.7,19.3
2020-02-06,GA,10.8,-1.5,20.1
2020-02-06,IB,10,-1.2,19
2020-02-06,MC,10.5,-0.2,17
2020-02-06,MD,6,-3.6,15
2020-02-06,ML,14.5,11.8,17.1
2020-02-06,NC,7.2,-4.5,19.4
2020-02-06,PV,8.6,-3.8,20.5
2020-02-06,RI,5.7,-3,14.7
2020-02-06,VC,9.4,-1,17.6
2020-02-07,AN,12.5,1.2,20.6
2020-02-07,AR,6.7,-4.4,15.9
2020-02-07,AS,10.4,-0.3,18.6
2020-02-07,CB,10.2,-1.9,20.2
2020-02-07,CE,14.7,13.3,16
2020-02-07,CL,6.7,-3.7,17.4
2020-02-07,CM,8.6,-3.3,17.1
2020-02-07,CN,17.2,1.5,25.9
2020-02-07,CT,7.7,-5.4,16.6
2020-02-07,EX,11.1,2.1,18.5
2020-02-07,GA,11.2,1.1,19.6
2020-02-07,IB,10.5,-1.6,18
2020-02-07,MC,10.6,0.2,18.5
2020-02-07,MD,7.2,-0.1,14.8
2020-02-07,ML,14.5,11.5,17.5
2020-02-07,NC,7.3,-3.7,18.2
2020-02-07,PV,11.1,-0.2,21.7
2020-02-07,RI,5.2,-1.4,11.9
2020-02-07,VC,10,-0.3,17.6
2020-02-08,AN,12.7,1,21.7
2020-02-08,AR,6,-5,15.1
2020-02-08,AS,8.9,-0.1,15.2
2020-02-08,CB,8.2,1.3,14.6
2020-02-08,CE,16.7,14.1,19.3
2020-02-08,CL,6.9,-3.5,18
2020-02-08,CM,8,-2.9,15.1
2020-02-08,CN,16.4,1.7,24.3
2020-02-08,CT,7.8,-5.1,17.5
2020-02-08,EX,11.1,3.7,17.6
2020-02-08,GA,9.9,2.8,16.7
2020-02-08,IB,10.9,1.1,18.7
2020-02-08,MC,11.5,1.2,19.6
2020-02-08,MD,6.3,-1.6,12.5
2020-02-08,ML,15.9,12.2,19.6
2020-02-08,NC,5.7,-2.9,14.4
2020-02-08,PV,8.7,-1.1,16.2
2020-02-08,RI,4.3,-0.9,8.9
2020-02-08,VC,10.8,0.6,21.4
2020-02-09,AN,13.7,1.8,22.9
2020-02-09,AR,8,-3.3,17.2
2020-02-09,AS,11.4,1.7,23
2020-02-09,CB,10.5,-0.2,21.5
2020-02-09,CE,15.8,12.9,18.8
2020-02-09,CL,6.7,-4.6,15.8
2020-02-09,CM,8.4,-2.7,20
2020-02-09,CN,17.1,2.5,24.6
2020-02-09,CT,8.6,-3.4,18.9
2020-02-09,EX,11.7,4.9,18.4
2020-02-09,GA,10.2,3,19.2
2020-02-09,IB,11.6,0.6,20.4
2020-02-09,MC,13.1,2.9,21.3
2020-02-09,MD,6.6,-2.5,15.1
2020-02-09,ML,16,11.9,20.1
2020-02-09,NC,8.4,0.9,17
2020-02-09,PV,10.7,3.3,19.5
2020-02-09,RI,6.5,-0.1,13.8
2020-02-09,VC,12,-0.6,21.2
2020-02-10,AN,14,-0.3,23.8
2020-02-10,AR,11.7,-1.1,23.7
2020-02-10,AS,14.3,3.1,24.1
2020-02-10,CB,13.3,2.8,21.6
2020-02-10,CE,15.4,13.4,17.4
2020-02-10,CL,11,0.8,19.3
2020-02-10,CM,10.5,-1.3,23.1
2020-02-10,CN,17.3,3,26.4
2020-02-10,CT,12.5,-1.3,25.3
2020-02-10,EX,12.2,4.4,20.7
2020-02-10,GA,12.8,5.2,20.1
2020-02-10,IB,14.6,4.8,23.5
2020-02-10,MC,13.8,2,24
2020-02-10,MD,10.3,2.6,18.2
2020-02-10,ML,13.8,10.2,17.4
2020-02-10,NC,12.1,2.3,22.2
2020-02-10,PV,14.3,5.2,22.5
2020-02-10,RI,11.2,1,19.3
2020-02-10,VC,15.1,0.5,26.6
2020-02-11,AN,14.4,0.4,27.4
2020-02-11,AR,11.1,-0.9,20.9
2020-02-11,AS,10.5,2.8,16.3
2020-02-11,CB,10.3,3,15
2020-02-11,CE,16.7,11.9,21.5
2020-02-11,CL,9.4,-0.5,18.2
2020-02-11,CM,10.8,0.6,25.7
2020-02-11,CN,18.4,1.8,28.4
2020-02-11,CT,11.3,-1.4,23.5
2020-02-11,EX,11.8,3.4,20
2020-02-11,GA,10.9,3.9,16.3
2020-02-11,IB,14.9,4.2,24.3
2020-02-11,MC,16.4,6.1,26
2020-02-11,MD,8.9,3.1,18.4
2020-02-11,ML,16.3,10.5,22.1
2020-02-11,NC,9.3,1.8,15.9
2020-02-11,PV,10.7,3.2,15.1
2020-02-11,RI,10.1,2.2,16.6
2020-02-11,VC,16.6,2.2,26.9
2020-02-12,AN,14.1,3.8,24.1
2020-02-12,AR,10,-1.7,18.4
2020-02-12,AS,9.8,0.3,15.7
2020-02-12,CB,9.8,0,15.9
2020-02-12,CE,17.8,14.8,20.8
2020-02-12,CL,9.3,-1.3,17.7
2020-02-12,CM,10.3,1.7,18.9
2020-02-12,CN,19,1.6,27.4
2020-02-12,CT,10,-0.1,18.8
2020-02-12,EX,11.3,5.6,15.7
2020-02-12,GA,11.7,2.9,19.5
2020-02-12,IB,13.1,5.3,19.2
2020-02-12,MC,14.2,6,21.4
2020-02-12,MD,9.4,3.8,15.7
2020-02-12,ML,17.3,13.7,21
2020-02-12,NC,10.3,2.6,16.4
2020-02-12,PV,10.4,3.3,16.4
2020-02-12,RI,9.2,2.7,15.8
2020-02-12,VC,13.3,3.9,21.1
2020-02-13,AN,13.6,4.5,22.4
2020-02-13,AR,10.7,-1.7,19.8
2020-02-13,AS,11.9,2.4,20.9
2020-02-13,CB,11.5,2.7,18.9
2020-02-13,CE,16.7,14,19.4
2020-02-13,CL,8.9,-0.5,18
2020-02-13,CM,9.9,0.5,16.9
2020-02-13,CN,19.2,2,29.3
2020-02-13,CT,11.3,-0.4,20.3
2020-02-13,EX,11.4,3.9,18.6
2020-02-13,GA,12,5.8,18.4
2020-02-13,IB,14.1,6,20.2
2020-02-13,MC,13.7,5.2,22.2
2020-02-13,MD,9.8,1.9,16.8
2020-02-13,ML,17.2,14.3,20.1
2020-02-13,NC,11.3,3.3,18.4
2020-02-13,PV,13,1.3,20.5
2020-02-13,RI,9.7,3.6,17.5
2020-02-13,VC,14.1,1.7,23.5
2020-02-14,AN,13.5,0.8,22.4
2020-02-14,AR,10,-2.2,20.6
2020-02-14,AS,10.7,0.8,19
2020-02-14,CB,10.2,0.6,19.2
2020-02-14,CE,15.5,12.8,18.2
2020-02-14,CL,7.5,-4.7,19.2
2020-02-14,CM,9.2,-2.3,20.3
2020-02-14,CN,19.1,3.9,27.7
2020-02-14,CT,10.7,-2.1,22.4
2020-02-14,EX,11.2,1.1,19.1
2020-02-14,GA,11.7,4,18.1
2020-02-14,IB,13.8,3.9,22.1
2020-02-14,MC,14.1,2.2,22.9
2020-02-14,MD,8.6,-1.4,16.1
2020-02-14,ML,15.3,11,19.6
2020-02-14,NC,10.5,1.3,18.9
2020-02-14,PV,11.8,2.2,19.2
2020-02-14,RI,9.3,1.7,18.1
2020-02-14,VC,13.7,0.5,23.4
2020-02-15,AN,13.9,1.9,23.2
2020-02-15,AR,10,-2.9,22.2
2020-02-15,AS,10.8,-0.3,21.1
2020-02-15,CB,10.9,-0.7,20.6
2020-02-15,CE,14.7,13.1,16.2
2020-02-15,CL,7.5,-4.7,19.6
2020-02-15,CM,9.8,-4.1,23.1
2020-02-15,CN,17.6,2.6,26.3
2020-02-15,CT,10.4,-3,21.7
2020-02-15,EX,11.7,2.9,21
2020-02-15,GA,10.7,-0.6,18.5
2020-02-15,IB,13.1,1.6,19.9
2020-02-15,MC,12.9,1.8,22.4
2020-02-15,MD,8.8,-1.8,17.8
2020-02-15,ML,14.9,11.6,18.2
2020-02-15,NC,9.3,-1.3,20.5
2020-02-15,PV,11.7,-0.3,22.2
2020-02-15,RI,8.7,-0.7,17.1
2020-02-15,VC,12.5,-0.6,22.8
2020-02-16,AN,14.1,0.7,25.4
2020-02-16,AR,11.1,-1.9,23.7
2020-02-16,AS,14.8,3.6,23.5
2020-02-16,CB,14.6,4.1,23.8
2020-02-16,CE,14.9,13.1,16.8
2020-02-16,CL,9.4,-2.7,19.6
2020-02-16,CM,10.8,-4.3,24.8
2020-02-16,CN,17.6,3.2,27.7
2020-02-16,CT,12,-2,25.6
2020-02-16,EX,12.5,2.9,21.1
2020-02-16,GA,13.3,7,20.2
2020-02-16,IB,13.8,0.7,19.3
2020-02-16,MC,13.6,2.9,23.4
2020-02-16,MD,9.4,-1.4,19.3
2020-02-16,ML,14.9,13.1,16.8
2020-02-16,NC,13.1,2.5,22.5
2020-02-16,PV,16.4,1.4,25.8
2020-02-16,RI,10,2.1,19.3
2020-02-16,VC,13.4,-1.8,25.2
2020-02-17,AN,14,0.6,25.2
2020-02-17,AR,10.2,-2.7,23.3
2020-02-17,AS,9.4,-2.5,18.2
2020-02-17,CB,10.1,-2.1,19.1
2020-02-17,CE,17.2,12.7,21.7
2020-02-17,CL,7.2,-2,15.2
2020-02-17,CM,9.6,-3.3,22.5
2020-02-17,CN,18.4,4.4,30
2020-02-17,CT,11.8,-1.5,22.8
2020-02-17,EX,11.1,3.3,18.2
2020-02-17,GA,8.6,-0.9,16.7
2020-02-17,IB,13.6,3.6,20.2
2020-02-17,MC,15.2,3.8,26
2020-02-17,MD,8.1,-0.6,16.2
2020-02-17,ML,15.5,10.1,20.9
2020-02-17,NC,9.8,2.4,19.4
2020-02-17,PV,11.7,2.4,21.2
2020-02-17,RI,8,-0.7,13.4
2020-02-17,VC,14.3,-0.6,26.6
2020-02-18,AN,14.1,1.6,23.6
2020-02-18,AR,6.9,-4.2,17.3
2020-02-18,AS,6.7,-4.9,14.6
2020-02-18,CB,7.1,-5.3,13.6
2020-02-18,CE,16.2,14.9,17.5
2020-02-18,CL,4.4,-6.7,19
2020-02-18,CM,9.3,-1.5,19
2020-02-18,CN,17,3.1,25.9
2020-02-18,CT,8.9,-3.5,18
2020-02-18,EX,10.7,-0.3,19.3
2020-02-18,GA,6.6,-2.8,15.7
2020-02-18,IB,11.4,5,16.3
2020-02-18,MC,12.6,5,17.8
2020-02-18,MD,7.5,-3.5,15.9
2020-02-18,ML,15.5,13,18
2020-02-18,NC,7.2,-1.5,13.8
2020-02-18,PV,7.5,-1.8,16.4
2020-02-18,RI,5,-3.4,14
2020-02-18,VC,11.3,0.9,17.6
2020-02-19,AN,14,2.5,22.2
2020-02-19,AR,6.6,-5.5,19.4
2020-02-19,AS,7.5,-3.3,16.1
2020-02-19,CB,7.5,-5.1,17.1
2020-02-19,CE,15.9,14.6,17.3
2020-02-19,CL,4.8,-7.4,19.3
2020-02-19,CM,9.2,-5.7,19.3
2020-02-19,CN,16.5,4.3,24.3
2020-02-19,CT,7.9,-4.4,19.3
2020-02-19,EX,10.8,-1.8,19.6
2020-02-19,GA,7.8,-5.6,18.3
2020-02-19,IB,10.9,0.7,18.5
2020-02-19,MC,12,3.4,18.9
2020-02-19,MD,7.5,-6,17.1
2020-02-19,ML,15.8,15,16.6
2020-02-19,NC,7.5,-1.3,15.9
2020-02-19,PV,7.9,-3.3,16.9
2020-02-19,RI,6,-4.1,15.1
2020-02-19,VC,11.4,-3.7,19.3
2020-02-20,AN,13.1,-1.4,22.2
2020-02-20,AR,8,-5.4,22.1
2020-02-20,AS,8.7,-1.2,18.2
2020-02-20,CB,7.8,-3.1,17.8
2020-02-20,CE,14.9,14.4,15.5
2020-02-20,CL,6.6,-7.7,20.5
2020-02-20,CM,9,-6.6,20.5
2020-02-20,CN,15.9,0.8,23.8
2020-02-20,CT,8.8,-5,19.9
2020-02-20,EX,11.3,-1.5,20.5
2020-02-20,GA,9.1,-3.2,18.5
2020-02-20,IB,10.2,-2.2,19.2
2020-02-20,MC,11.1,-0.8,19.3
2020-02-20,MD,8.3,-4.4,18.7
2020-02-20,ML,16.2,14.7,17.6
2020-02-20,NC,7.8,-4.1,20.2
2020-02-20,PV,9.5,-4.3,19.4
2020-02-20,RI,7.1,-4.1,18.3
2020-02-20,VC,11.3,-3.7,21.3
2020-02-21,AN,13.6,-1.1,25.2
2020-02-21,AR,8.4,-5.1,21.9
2020-02-21,AS,10.3,-0.5,18.3
2020-02-21,CB,10.1,-0.8,19.7
2020-02-21,CE,15.4,14.1,16.8
2020-02-21,CL,8.2,-6.5,23.5
2020-02-21,CM,10,-5.4,23.8
2020-02-21,CN,14.9,-2.2,24.2
2020-02-21,CT,9.6,-4.1,20.9
2020-02-21,EX,12.8,-1.3,22.6
2020-02-21,GA,11.5,-1.7,22.8
2020-02-21,IB,11,-1.3,20.2
2020-02-21,MC,10.6,-0.8,18.9
2020-02-21,MD,10.5,-3.3,21.6
2020-02-21,ML,16,14.8,17.2
2020-02-21,NC,9.3,-3.3,19.2
2020-02-21,PV,9.9,-1.5,19
2020-02-21,RI,8.3,-1.2,18.4
2020-02-21,VC,10.6,-2.8,21.3
2020-02-22,AN,14.4,-2.7,25.7
2020-02-22,AR,9.7,-5.4,23.8
2020-02-22,AS,10.6,-0.4,19.6
2020-02-22,CB,10.2,-3.9,20.5
2020-02-22,CE,15.6,13.9,17.3
2020-02-22,CL,9,-6.2,25.5
2020-02-22,CM,11,-6.3,26
2020-02-22,CN,16.8,-0.9,30.6
2020-02-22,CT,10.3,-3.8,22.3
2020-02-22,EX,13.8,-0.5,24.2
2020-02-22,GA,11.6,-4.8,24.5
2020-02-22,IB,11.3,-1.3,21.4
2020-02-22,MC,11.9,-0.1,22.9
2020-02-22,MD,11.5,-2.9,22.8
2020-02-22,ML,16.3,14.8,17.8
2020-02-22,NC,10.1,-3.9,22.3
2020-02-22,PV,11.3,-1.8,21.7
2020-02-22,RI,10.2,-1.9,22.1
2020-02-22,VC,11.9,-3.4,24
2020-02-23,AN,14.4,-2.4,26.9
2020-02-23,AR,10.6,-4.1,25.5
2020-02-23,AS,11.2,0.1,22.4
2020-02-23,CB,10.8,-4.4,22.3
2020-02-23,CE,15.6,14,17.2
2020-02-23,CL,9.9,-6.3,25.2
2020-02-23,CM,11.5,-6,25.6
2020-02-23,CN,21.4,2.8,33.2
2020-02-23,CT,11.8,-2.8,24.9
2020-02-23,EX,14.5,-0.3,25
2020-02-23,GA,12.1,-2.8,27.9
2020-02-23,IB,12.1,-0.6,22.8
2020-02-23,MC,12.5,-0.6,22.5
2020-02-23,MD,11.9,-2.3,22.9
2020-02-23,ML,15.8,14.5,17.1
2020-02-23,NC,10.2,-3.9,23.3
2020-02-23,PV,11.3,-4,23.8
2020-02-23,RI,10.3,-2.6,22.4
2020-02-23,VC,12.4,-3.4,23.9
2020-02-24,AN,14.3,-2.9,25.6
2020-02-24,AR,11.1,-4.4,25.4
2020-02-24,AS,11.2,0.8,23.9
2020-02-24,CB,10.1,-4.2,21.5
2020-02-24,CE,15.6,13.5,17.6
2020-02-24,CL,9.8,-5.9,24.1
2020-02-24,CM,11.4,-6.4,24.9
2020-02-24,CN,22.3,5.1,33
2020-02-24,CT,12.2,-3,24.7
2020-02-24,EX,13.9,-0.7,25.5
2020-02-24,GA,10.7,-3.8,24
2020-02-24,IB,12.9,-0.3,24.8
2020-02-24,MC,12.8,-1.3,24.6
2020-02-24,MD,11.5,-1.7,22.2
2020-02-24,ML,15.7,12.1,19.3
2020-02-24,NC,10.3,-5.9,24.4
2020-02-24,PV,11.1,-4,23.9
2020-02-24,RI,10.8,-2.6,22.6
2020-02-24,VC,13.6,-3.4,26.8
2020-02-25,AN,13.7,-0.6,27.2
2020-02-25,AR,9.6,-3.2,21.1
2020-02-25,AS,9.2,-0.9,15.2
2020-02-25,CB,9.4,0.3,16.8
2020-02-25,CE,17.8,14.8,20.7
2020-02-25,CL,8,-3.7,19.7
2020-02-25,CM,10.3,-4.6,22.1
2020-02-25,CN,21.6,4.9,30.8
2020-02-25,CT,10,-2.2,22.2
2020-02-25,EX,11,0.6,19.5
2020-02-25,GA,9.9,2,18
2020-02-25,IB,13.9,0,23.4
2020-02-25,MC,15.7,3.6,27
2020-02-25,MD,9.8,0.4,20.2
2020-02-25,ML,16.5,11.3,21.8
2020-02-25,NC,8.6,-2.1,18.8
2020-02-25,PV,9.9,1.3,16.5
2020-02-25,RI,9.8,0.6,19.8
2020-02-25,VC,15.4,-2.1,28.8
2020-02-26,AN,14.1,1.6,26.7
2020-02-26,AR,7.7,-6.2,16.9
2020-02-26,AS,8.5,-1.5,14.2
2020-02-26,CB,7.7,-2.8,14.9
2020-02-26,CE,16.3,14.3,18.2
2020-02-26,CL,5.9,-3.4,19.2
2020-02-26,CM,9.6,-3.1,18.4
2020-02-26,CN,17.9,2.6,28.1
2020-02-26,CT,9.8,-3.1,19.8
2020-02-26,EX,10.4,2.2,19.2
2020-02-26,GA,9.3,1.5,15.4
2020-02-26,IB,13,3.6,19.9
2020-02-26,MC,15.9,5.6,24.8
2020-02-26,MD,8.4,-3.9,17.3
2020-02-26,ML,17,14.6,19.4
2020-02-26,NC,7.2,0.3,14.8
2020-02-26,PV,7.8,1.3,12.8
2020-02-26,RI,7.1,-2.6,15.1
2020-02-26,VC,14.1,-1.1,24.3
2020-02-27,AN,13.6,-0.2,28.3
2020-02-27,AR,8.4,-6.1,21.1
2020-02-27,AS,12.9,2,21.1
2020-02-27,CB,11.1,1,21.6
2020-02-27,CE,18.8,14.1,23.5
2020-02-27,CL,8.7,-2.8,20.9
2020-02-27,CM,9.3,-5.4,20.6
2020-02-27,CN,16.9,2.5,24.5
2020-02-27,CT,10.1,-3.7,23.4
2020-02-27,EX,11.4,0.3,21.7
2020-02-27,GA,12,2.3,19
2020-02-27,IB,12.5,1.1,22.7
2020-02-27,MC,14.7,2.9,25
2020-02-27,MD,10,-1.6,19.7
2020-02-27,ML,17.3,12.8,21.7
2020-02-27,NC,8.2,1.1,18.7
2020-02-27,PV,10.1,0.8,17
2020-02-27,RI,8.9,-1,18.6
2020-02-27,VC,13.8,-2.7,26.4
2020-02-28,AN,14.5,-1.6,26.3
2020-02-28,AR,11.4,-0.8,22.7
2020-02-28,AS,12.4,1,21.9
2020-02-28,CB,11.8,0.4,21.6
2020-02-28,CE,15.4,11.9,18.9
2020-02-28,CL,9,-3.5,22.1
2020-02-28,CM,11.1,-2.9,22.5
2020-02-28,CN,16.8,2.1,24.4
2020-02-28,CT,11.1,0.1,22.5
2020-02-28,EX,12.9,0.5,23.6
2020-02-28,GA,11.9,-2.1,22
2020-02-28,IB,14.3,3.5,21.4
2020-02-28,MC,15.7,2.1,24.9
2020-02-28,MD,10.3,-0.4,20.8
2020-02-28,ML,14.9,10.1,19.7
2020-02-28,NC,11.5,3.5,21.2
2020-02-28,PV,12.7,1.1,20.9
2020-02-28,RI,10.1,1.5,18.9
2020-02-28,VC,15.1,-0.8,24.8
2020-02-29,AN,13.1,0,26.3
2020-02-29,AR,10.1,-2.4,20.4
2020-02-29,AS,11.6,0.2,19.3
2020-02-29,CB,12.7,5,20.5
2020-02-29,CE,16.3,13.4,19.2
2020-02-29,CL,8.6,-1.7,17.7
2020-02-29,CM,9.7,-3.1,20.8
2020-02-29,CN,17.3,4.4,24.4
2020-02-29,CT,12.3,0.6,22.5
2020-02-29,EX,11.1,2.4,17.3
2020-02-29,GA,10.1,2.8,15.8
2020-02-29,IB,14.7,2.9,24.6
2020-02-29,MC,15.1,3.7,27.3
2020-02-29,MD,8.5,-0.4,16
2020-02-29,ML,16.7,12.6,20.7
2020-02-29,NC,11.1,3.6,18.3
2020-02-29,PV,12.4,4.9,20.1
2020-02-29,RI,10.7,1.2,19.3
2020-02-29,VC,14.5,0.4,26.6
2020-03-01,AN,14.3,3.7,25.7
2020-03-01,AR,10.8,-4.7,21.3
2020-03-01,AS,11.3,0.2,21
2020-03-01,CB,11.3,2.1,20.1
2020-03-01,CE,17.9,15.4,20.4
2020-03-01,CL,9.5,-1.4,17.8
2020-03-01,CM,10.6,3.7,17.9
2020-03-01,CN,17.4,2.6,25
2020-03-01,CT,12.8,0.5,23.2
2020-03-01,EX,12.2,3.7,18
2020-03-01,GA,11.2,2.9,17.5
2020-03-01,IB,16.2,7.4,23.4
2020-03-01,MC,16.7,6.6,23.4
2020-03-01,MD,9.7,-0.7,16
2020-03-01,ML,17.3,14.8,19.8
2020-03-01,NC,11.7,3.2,20.8
2020-03-01,PV,11.9,4,20.3
2020-03-01,RI,11.7,0.2,21.9
2020-03-01,VC,16.1,6.1,24.1
2020-03-02,AN,14.8,3.8,26.1
2020-03-02,AR,7.3,-9.3,18.4
2020-03-02,AS,6.8,-3.3,12.7
2020-03-02,CB,7.7,-1.4,17.7
2020-03-02,CE,17.6,15.4,19.9
2020-03-02,CL,6.2,-4.2,15.5
2020-03-02,CM,8.5,-0.3,18.9
2020-03-02,CN,17.6,3.8,25.4
2020-03-02,CT,9.8,-4.3,19.8
2020-03-02,EX,10.5,1.8,17.2
2020-03-02,GA,8.8,-0.8,14.9
2020-03-02,IB,14.8,3.9,21.4
2020-03-02,MC,17.2,6.1,27.5
2020-03-02,MD,7.6,-3.9,14.9
2020-03-02,ML,19.5,15.3,23.8
2020-03-02,NC,8.2,-0.1,16.6
2020-03-02,PV,9.5,0.7,17.6
2020-03-02,RI,7.2,-2.6,15.8
2020-03-02,VC,14.3,-0.3,25.4
2020-03-03,AN,12.7,1.8,24.3
2020-03-03,AR,7.2,-9.2,21
2020-03-03,AS,11.3,-0.9,22.3
2020-03-03,CB,10.3,-4.1,22.3
2020-03-03,CE,16.4,13.9,19
2020-03-03,CL,8.5,-3.6,19.7
2020-03-03,CM,8.2,-2,18.8
2020-03-03,CN,18.1,8.1,27.3
2020-03-03,CT,7.9,-5.7,22.9
2020-03-03,EX,10.3,1.5,19.9
2020-03-03,GA,11.1,2.3,18.5
2020-03-03,IB,14.1,3,20.9
2020-03-03,MC,14.5,3.3,26.4
2020-03-03,MD,8.5,-3.9,17.1
2020-03-03,ML,17,14.7,19.3
2020-03-03,NC,8.3,-0.1,19.7
2020-03-03,PV,10.5,0.7,19.4
2020-03-03,RI,9.8,-2.4,20.3
2020-03-03,VC,13.3,-0.2,25.3
2020-03-04,AN,15.6,5.3,28.8
2020-03-04,AR,11.1,-4.5,23.2
2020-03-04,AS,14.2,3.9,23.3
2020-03-04,CB,13.1,4.3,21
2020-03-04,CE,18.1,14.9,21.3
2020-03-04,CL,10.8,1,20.4
2020-03-04,CM,12.4,4.4,20.5
2020-03-04,CN,19.5,6.6,28.9
2020-03-04,CT,10.4,-2.7,24.7
2020-03-04,EX,13.8,5.3,20.7
2020-03-04,GA,13.5,7.2,20.2
2020-03-04,IB,13,1.4,25.1
2020-03-04,MC,17.8,6.7,27.1
2020-03-04,MD,12.3,2,19.7
2020-03-04,ML,18.5,15.8,21.1
2020-03-04,NC,11.1,2.4,20.9
2020-03-04,PV,12.8,5.5,20
2020-03-04,RI,12.6,4.6,21
2020-03-04,VC,17.2,4.1,27.4
2020-03-05,AN,13.64,2.3,23.9
2020-03-06,AN,12.5147058823529,3.3,21.1
2020-03-07,AN,12.8057142857143,-0.1,22.9
2020-03-05,AR,9.91538461538462,0.2,20.2
2020-03-06,AR,5.8,-1.6,11.1
2020-03-07,AR,8.06666666666667,-1.4,15.2
2020-03-05,AS,11.29,-0.8,20.3
2020-03-06,AS,7.06,-3.4,13.7
2020-03-07,AS,10.0181818181818,-0.3,16.9
2020-03-05,IB,15.27,7.2,22.3
2020-03-06,IB,12.65,2.3,19.5
2020-03-07,IB,10.99,2.1,18
2020-03-05,CN,18.9941176470588,6.9,23.8
2020-03-06,CN,18.2764705882353,5.7,24.8
2020-03-07,CN,18.4,5.7,24.7
2020-03-05,CB,11.9285714285714,-0.7,19.8
2020-03-06,CB,7.15714285714286,0,11.8
2020-03-07,CB,9.51428571428571,-1.5,15.9
2020-03-05,CL,7.68888888888889,-2.7,17.1
2020-03-06,CL,4.81481481481481,-4.9,13
2020-03-07,CL,6.85555555555556,-5.1,17.3
2020-03-05,CM,10.9631578947368,3.8,19.2
2020-03-06,CM,7.62631578947368,-0.8,17.3
2020-03-07,CM,7.95,-1.8,18.8
2020-03-05,CT,12.44375,-2.2,24.5
2020-03-06,CT,8.65333333333333,-4.8,19.4
2020-03-07,CT,8.8625,-5.2,19.2
2020-03-05,VC,17.0666666666667,2.8,27
2020-03-06,VC,12.6866666666667,-0.7,20.8
2020-03-07,VC,12.64,-0.2,21
2020-03-05,EX,12.4545454545455,6,18.5
2020-03-06,EX,11.3272727272727,4.9,18.1
2020-03-07,EX,11.5818181818182,2.1,19.7
2020-03-05,GA,10.7866666666667,3.8,16.1
2020-03-06,GA,9.34666666666667,2.4,15.2
2020-03-07,GA,11.0333333333333,2.5,18.5
2020-03-05,MD,9.11538461538461,-2.3,16.3
2020-03-06,MD,6.025,-4.9,13.9
2020-03-07,MD,6.91538461538462,-5.7,17.3
2020-03-05,MC,16.42,4.1,27.2
2020-03-06,MC,14.07,6.4,23
2020-03-07,MC,14.06,3.5,21.2
2020-03-05,NC,10.08,3.2,17.8
2020-03-06,NC,4.84,0.8,9.1
2020-03-07,NC,7.76,2.1,14.5
2020-03-05,PV,12.0636363636364,2.3,19.6
2020-03-06,PV,7.02727272727273,1,12.1
2020-03-07,PV,8.53636363636364,-0.1,14.3
2020-03-05,RI,11.8,6.7,16.9
2020-03-06,RI,7,5.1,8.9
2020-03-07,RI,8.2,2.6,13.7
2020-03-08,AN,13.6,-1.6,25.7
2020-03-08,AR,8.5,-4.1,22.3
2020-03-08,AS,10.7,-0.2,21.1
2020-03-08,CB,9.7,-3.2,19.5
2020-03-08,CE,15.5,12.6,18.4
2020-03-08,CL,6.3,-7.8,17.5
2020-03-08,CM,8.9,-4.6,22.3
2020-03-08,CN,19,6.2,30.6
2020-03-08,CT,9.9,-2.7,23.9
2020-03-08,EX,10.2,-1,20.2
2020-03-08,GA,10.1,-0.1,17.8
2020-03-08,IB,12.7,3,21.4
2020-03-08,MC,14.6,1.8,25.4
2020-03-08,MD,7,-5.5,18.2
2020-03-08,ML,15.7,10.1,21.3
2020-03-08,NC,8,-1.4,17.9
2020-03-08,PV,9.4,-1.3,18.7
2020-03-08,RI,7.5,-2.3,17.9
2020-03-08,VC,13.6,-1.2,26.2
2020-03-09,AN,15.4,1.6,27.6
2020-03-09,AR,8.7,-6.1,17.7
2020-03-09,AS,10.4,-0.6,17.3
2020-03-09,CB,9.1,-1,15.2
2020-03-09,CE,20.4,15,25.9
2020-03-09,CL,7.7,-3.4,20.4
2020-03-09,CM,10.3,-2.5,22.2
2020-03-09,CN,19.5,4.7,30.4
2020-03-09,CT,10.3,-0.9,21.1
2020-03-09,EX,12.9,2.7,23.6
2020-03-09,GA,9.9,-0.3,18.8
2020-03-09,IB,12,2.5,19.6
2020-03-09,MC,17,6.1,25.8
2020-03-09,MD,9.7,-1.9,19.4
2020-03-09,ML,18.8,13.3,24.3
2020-03-09,NC,8.2,1.9,14
2020-03-09,PV,8.8,3.9,13.7
2020-03-09,RI,8.3,-1.3,15
2020-03-09,VC,14.9,1.4,24.5
2020-03-10,AN,17.1,3.2,30
2020-03-10,AR,12,-0.6,25.3
2020-03-10,AS,12.2,3,23.2
2020-03-10,CB,10.6,0,21.3
2020-03-10,CE,18,15.3,20.8
2020-03-10,CL,11.7,-2,24.9
2020-03-10,CM,13.1,-1,26.8
2020-03-10,CN,19,4.4,30.1
2020-03-10,CT,10.6,-0.9,21.9
2020-03-10,EX,15.5,3.1,27.3
2020-03-10,GA,11.7,-0.4,24.2
2020-03-10,IB,12.7,2.5,21.5
2020-03-10,MC,16.7,6.8,25.7
2020-03-10,MD,13.2,1.7,24.2
2020-03-10,ML,18.8,14.8,22.7
2020-03-10,NC,11.4,1.5,21.9
2020-03-10,PV,10.7,0.7,20.5
2020-03-10,RI,12,1.9,22.3
2020-03-10,VC,14.5,0.9,26.1
2020-03-11,AN,18.7,3.9,31.4
2020-03-11,AR,14.5,0.2,28.1
2020-03-11,AS,12.7,3,22.7
2020-03-11,CB,11.6,-0.7,22.5
2020-03-11,CE,17.7,14.8,20.6
2020-03-11,CL,13.1,-1.9,27.4
2020-03-11,CM,16.2,-0.2,31.1
2020-03-11,CN,19,2.6,29.2
2020-03-11,CT,13.4,0.6,26.1
2020-03-11,EX,17.7,4.3,29.5
2020-03-11,GA,13.7,0.2,26.5
2020-03-11,IB,14.7,4,24.5
2020-03-11,MC,19.1,7.6,31.9
2020-03-11,MD,15.4,4,26.8
2020-03-11,ML,16.5,12.2,20.9
2020-03-11,NC,13.3,-0.9,25.1
2020-03-11,PV,12.8,1.1,24.8
2020-03-11,RI,13.7,3,26.1
2020-03-11,VC,17.4,1.9,30.6
2020-03-12,AN,18.5,4.7,29.3
2020-03-12,AR,15.4,2.3,28
2020-03-12,AS,10,1.7,15
2020-03-12,CB,10.1,2.3,15.1
2020-03-12,CE,19.6,14.9,24.3
2020-03-12,CL,13.6,1.7,28.6
2020-03-12,CM,17.1,1.2,31.6
2020-03-12,CN,19.5,3.4,31.1
2020-03-12,CT,14.8,2.2,27
2020-03-12,EX,18.1,7.1,28.9
2020-03-12,GA,11.4,3.8,20.7
2020-03-12,IB,15.7,3.8,27.5
2020-03-12,MC,18.2,6.4,28.9
2020-03-12,MD,16,3.4,26.8
2020-03-12,ML,18.9,15,22.9
2020-03-12,NC,12.6,4.1,22.9
2020-03-12,PV,11.3,6.5,17.3
2020-03-12,RI,12.8,3.2,21.9
2020-03-12,VC,16.7,3.5,28.5
2020-03-13,AN,16.3,4.1,26.9
2020-03-13,AR,11.4,1.3,21.4
2020-03-13,AS,9,-0.5,14.5
2020-03-13,CB,7.7,-1.7,14.5
2020-03-13,CE,18.7,15.1,22.2
2020-03-13,CL,9.7,-0.6,23.5
2020-03-13,CM,15.2,3.2,25.3
2020-03-13,CN,17.5,3.1,26.3
2020-03-13,CT,13.1,3.7,21.9
2020-03-13,EX,14.8,5.3,23
2020-03-13,GA,10.7,0.4,20.4
2020-03-13,IB,14.3,3.6,22.8
2020-03-13,MC,16.1,6.1,24.9
2020-03-13,MD,15,4.4,24.9
2020-03-13,ML,18.3,14.8,21.8
2020-03-13,NC,8.6,2.2,16.5
2020-03-13,PV,8.4,0.3,14.6
2020-03-13,RI,8.5,1,17.5
2020-03-13,VC,14,4.7,25.7
2020-03-14,AN,15.6,3,25.2
2020-03-14,AR,10.6,0.4,22.4
2020-03-14,AS,10.2,-1.2,17.6
2020-03-14,CB,8.8,-3.8,17.9
2020-03-14,CE,16.8,14.4,19.1
2020-03-14,CL,8.9,-4.4,25.4
2020-03-14,CM,13.7,0.6,24.6
2020-03-14,CN,16.1,-0.1,24
2020-03-14,CT,12.2,1.1,23.6
2020-03-14,EX,15.8,4.4,25.5
2020-03-14,GA,11.2,-2.1,22.3
2020-03-14,IB,13.8,3.9,21.5
2020-03-14,MC,14.9,4.7,23.7
2020-03-14,MD,13.5,0.8,24.1
2020-03-14,ML,15.4,12.1,18.6
2020-03-14,NC,8.6,-0.2,18.8
2020-03-14,PV,8.3,-3.6,17.6
2020-03-14,RI,9,-0.5,18.8
2020-03-14,VC,14,3.5,23.3
2020-03-15,AN,15.2,5.1,24.3
2020-03-15,AR,10.4,-1.4,22.6
2020-03-15,AS,8.9,-3.6,17.9
2020-03-15,CB,8.7,-3.2,19.1
2020-03-15,CE,16,14.3,17.6
2020-03-15,CL,8.7,-4.8,22.3
2020-03-15,CM,13.4,-0.6,23.2
2020-03-15,CN,15.1,-1.6,25.3
2020-03-15,CT,11.4,-0.2,22.2
2020-03-15,EX,14,0.5,24.9
2020-03-15,GA,7.7,-4.2,17.1
2020-03-15,IB,12.6,1.1,20.6
2020-03-15,MC,15.1,6.1,22.1
2020-03-15,MD,12,0.4,21.9
2020-03-15,ML,15.4,13.7,17.1
2020-03-15,NC,10.1,-2.4,23.2
2020-03-15,PV,11.4,-2.9,22.9
2020-03-15,RI,8.9,-1.4,20
2020-03-15,VC,13.6,3.2,22.6
2020-03-16,AN,11.2,-1.3,20.7
2020-03-16,AR,7.2,-2.7,14.9
2020-03-16,AS,6.1,-3.6,14
2020-03-16,CB,6,-3.7,12.7
2020-03-16,CE,13.6,10.9,16.4
2020-03-16,CL,3.6,-6.2,13.3
2020-03-16,CM,6.1,-2.4,12.7
2020-03-16,CN,15.9,-1.2,25.6
2020-03-16,CT,10.3,0.7,15.2
2020-03-16,EX,6.7,-1.9,15.4
2020-03-16,GA,7.5,-1.2,15.4
2020-03-16,IB,14.1,6.1,20.6
2020-03-16,MC,10.8,0.8,20.5
2020-03-16,MD,5.2,-4.6,11.5
2020-03-16,ML,16.1,12.9,19.4
2020-03-16,NC,6.7,1.5,11.7
2020-03-16,PV,7.2,0.4,12.2
2020-03-16,RI,4,-3,11
2020-03-16,VC,10.6,0.7,19.5
2020-03-17,AN,11.4,-0.9,20.6
2020-03-17,AR,9.4,0,17.7
2020-03-17,AS,9.1,-2.5,15.6
2020-03-17,CB,9.2,-1.6,16.4
2020-03-17,CE,13.2,10.3,16.1
2020-03-17,CL,8.1,-6,18.7
2020-03-17,CM,8.1,-3.2,20.1
2020-03-17,CN,14.4,2,24.1
2020-03-17,CT,11.5,2.4,18.8
2020-03-17,EX,10.1,-0.8,20
2020-03-17,GA,11.4,-0.7,24
2020-03-17,IB,15.2,7.2,19.9
2020-03-17,MC,10.9,-0.6,18.8
2020-03-17,MD,8.4,-3.1,18.1
2020-03-17,ML,13.9,9.6,18.2
2020-03-17,NC,9.7,2.4,14.3
2020-03-17,PV,10,4.2,14.2
2020-03-17,RI,7.6,-0.3,13.1
2020-03-17,VC,11,3.6,18.9
2020-03-18,AN,16.1,4,24.6
2020-03-18,AR,10.1,1.7,17.5
2020-03-18,AS,12.4,3.3,21.8
2020-03-18,CB,11.2,1,20.8
2020-03-18,CE,15.9,15,16.7
2020-03-18,CL,10.8,-0.4,22.8
2020-03-18,CM,11.3,2.6,20.5
2020-03-18,CN,14.6,-2.6,24.9
2020-03-18,CT,11.6,2.3,20.3
2020-03-18,EX,14.8,4.2,24.2
2020-03-18,GA,14,-0.5,25.7
2020-03-18,IB,14.3,4.5,20
2020-03-18,MC,14.3,6.5,20.9
2020-03-18,MD,11.3,1.3,18.8
2020-03-18,ML,16.4,15.5,17.2
2020-03-18,NC,11.4,3,22.3
2020-03-18,PV,12.9,3,23.1
2020-03-18,RI,9.8,2.5,16.2
2020-03-18,VC,12.6,1.8,20.5
2020-03-19,AN,14.9,3.2,23.8
2020-03-19,AR,10.4,-1,20.2
2020-03-19,AS,12.6,5.3,21.9
2020-03-19,CB,12.7,2.5,23.8
2020-03-19,CE,15.4,15,15.8
2020-03-19,CL,10.4,0.8,19.6
2020-03-19,CM,10.2,0.4,19.7
2020-03-19,CN,15.8,-0.9,25.2
2020-03-19,CT,11,0.2,22.4
2020-03-19,EX,13.4,5.1,23.1
2020-03-19,GA,13.8,3.1,24.5
2020-03-19,IB,13.5,2,20.4
2020-03-19,MC,13.1,5.2,19.2
2020-03-19,MD,11.2,2.2,18.4
2020-03-19,NC,12.3,3.5,22.6
2020-03-19,PV,14.4,3.9,24.3
2020-03-19,RI,10.8,3.2,18.3
2020-03-19,VC,11.6,-0.6,18.9
2020-03-20,AN,14,2.6,22.2
2020-03-20,AR,9.2,-1.4,19.1
2020-03-20,AS,11.6,4,18.2
2020-03-20,CB,11.7,0.9,20.8
2020-03-20,CE,14.9,14.2,15.7
2020-03-20,CL,9.2,-1.6,18.9
2020-03-20,CM,10.1,0.4,19.3
2020-03-20,CN,16.1,-0.6,25.7
2020-03-20,CT,10.1,-1.9,21.7
2020-03-20,EX,11.9,4.6,18.7
2020-03-20,GA,12.3,6.4,17.9
2020-03-20,IB,13.7,3,20
2020-03-20,MC,11.9,3,18
2020-03-20,MD,8.7,0.9,14.7
2020-03-20,NC,10.8,1.1,20.9
2020-03-20,PV,14.1,1.5,22
2020-03-20,RI,9.2,2,16.4
2020-03-20,VC,11.7,2.6,17.5
2020-03-21,AN,11.1,0.5,20.1
2020-03-21,AR,8.7,-2,20.2
2020-03-21,AS,12.1,3.5,19.9
2020-03-21,CB,12.9,2.8,22.6
2020-03-21,CE,14.8,11.9,17.8
2020-03-21,CL,8.3,-2.9,19.2
2020-03-21,CM,7.6,0,15.6
2020-03-21,CN,15,-0.9,24.2
2020-03-21,CT,9.6,-2.3,20.2
2020-03-21,EX,10,0.5,16.3
2020-03-21,GA,12.4,6.4,21
2020-03-21,IB,14.3,2.6,20.7
2020-03-21,MC,11.3,4.5,18
2020-03-21,MD,6.9,-0.8,11.2
2020-03-21,NC,10.7,-0.2,20.5
2020-03-21,PV,13.7,1.7,22.4
2020-03-21,RI,9.9,2.4,17.8
2020-03-21,VC,10.7,1,18.6
2020-03-22,AN,10.7,0,18.5
2020-03-22,AR,9.1,-3.2,19
2020-03-22,AS,11.6,2.5,16.6
2020-03-22,CB,11.2,0.3,18.8
2020-03-22,CE,12.4,10.6,14.2
2020-03-22,CL,8.9,-3,20.2
2020-03-22,CM,7.6,0.1,16.4
2020-03-22,CN,15,-2,23.4
2020-03-22,CT,10.8,0.4,19
2020-03-22,EX,10.4,1.3,19.1
2020-03-22,GA,12.7,5,21
2020-03-22,IB,13.4,3.9,20.1
2020-03-22,MC,9.8,3.5,16.9
2020-03-22,MD,7.4,-1,15.1
2020-03-22,ML,14,11.2,16.7
2020-03-22,NC,10.5,1.9,18.9
2020-03-22,PV,11.2,0.7,18.7
2020-03-22,RI,10.2,2.6,20.6
2020-03-22,VC,10.7,3.4,17.4
2020-03-23,AN,11.6,0.5,23.5
2020-03-23,AR,9.5,-4.1,18.3
2020-03-23,AS,11,-0.1,16
2020-03-23,CB,10.7,-1,18.7
2020-03-23,CE,13.2,11.7,14.7
2020-03-23,CL,8.4,-2.4,18.8
2020-03-23,CM,9.8,1.8,17.9
2020-03-23,CN,13.4,-2.3,23.8
2020-03-23,CT,10.8,0.5,18.2
2020-03-23,EX,11.3,3.6,18.9
2020-03-23,GA,11.8,0.7,22.6
2020-03-23,IB,14.1,5.8,21.6
2020-03-23,MC,11.4,1.3,18.6
2020-03-23,MD,9.6,-0.2,16.4
2020-03-23,ML,13.9,11.4,16.4
2020-03-23,NC,11.6,5.5,17.6
2020-03-23,PV,11.9,3.7,17.2
2020-03-23,RI,10.1,1.8,18.6
2020-03-23,VC,12.2,3.9,18.2
2020-03-24,AN,13.2,2.8,22.5
2020-03-24,AR,9.3,-4.2,20
2020-03-24,AS,12.5,3.7,21
2020-03-24,CB,11.7,0.4,21.5
2020-03-24,CE,13.3,12,14.7
2020-03-24,CL,9.2,0,21.2
2020-03-24,CM,9,0.2,17.9
2020-03-24,CN,15.6,-1.7,25.5
2020-03-24,CT,9.7,-1.8,17.7
2020-03-24,EX,12.6,2.7,19.7
2020-03-24,GA,13.2,1.9,24.3
2020-03-24,IB,12.3,2.8,18.9
2020-03-24,MC,10.5,4.3,14.8
2020-03-24,MD,10.1,0,16.8
2020-03-24,NC,11.6,2.4,19.8
2020-03-24,PV,12.5,2.9,20.9
2020-03-24,RI,10.8,2.1,19.2
2020-03-24,VC,10.6,2.1,18.6
2020-03-25,AN,12.8,0,21.5
2020-03-25,AR,6,-6.6,14.6
2020-03-25,AS,11.1,0.3,19.6
2020-03-25,CB,9.4,-1.9,18.2
2020-03-25,CE,13.8,11.8,15.9
2020-03-25,CL,8.9,-2.9,21.7
2020-03-25,CM,8.7,-0.8,20.8
2020-03-25,CN,15.2,-2.9,23.5
2020-03-25,CT,6.6,-5.1,16.1
2020-03-25,EX,13,2.3,22.1
2020-03-25,GA,12.4,0.3,24.6
2020-03-25,IB,9.3,-1.5,16.5
2020-03-25,MC,10.9,0.7,18.4
2020-03-25,MD,9.5,-1.1,17.8
2020-03-25,ML,13.5,11.1,15.9
2020-03-25,NC,8.4,-0.9,18.1
2020-03-25,PV,10.1,-0.2,18.3
2020-03-25,RI,8.9,-2.7,18.2
2020-03-25,VC,8.5,-0.4,15.6
2020-03-26,AN,14.3,2.1,25.2
2020-03-26,AR,5.5,-9.5,15.7
2020-03-26,AS,7.9,-2.9,14.5
2020-03-26,CB,6.8,-4.4,14.5
2020-03-26,CE,15,10.8,19.2
2020-03-26,CL,5.6,-7,22.5
2020-03-26,CM,8.9,-3.7,21
2020-03-26,CN,14.4,-2.3,22.9
2020-03-26,CT,5.4,-7.5,15.9
2020-03-26,EX,13.3,3.9,21.8
2020-03-26,GA,9.8,-2.7,21.6
2020-03-26,IB,8,0,17.2
2020-03-26,MC,12.5,2.6,21
2020-03-26,MD,7.4,-3.6,17.3
2020-03-26,ML,15.2,9.1,21.3
2020-03-26,NC,6.2,-1.5,13.3
2020-03-26,PV,7.3,-0.8,14.2
2020-03-26,RI,5.4,-5.4,13.4
2020-03-26,VC,9.7,-1.1,20.2
2020-03-27,AN,11.9,0.4,21.8
2020-03-27,AR,5.2,-9.4,16.5
2020-03-27,AS,7.2,-5.4,15.3
2020-03-27,CB,6.2,-6.7,16.1
2020-03-27,CE,15.9,12.9,18.9
2020-03-27,CL,4.6,-8.4,16.8
2020-03-27,CM,5,-2.4,14.7
2020-03-27,CN,15.1,-3,23.8
2020-03-27,CT,6.4,-7.5,18.1
2020-03-27,EX,9,1.1,16.7
2020-03-27,GA,9,-3.6,19.9
2020-03-27,IB,9.6,-1.1,17.7
2020-03-27,MC,9,2.9,16.7
2020-03-27,MD,5.3,-4.2,12.3
2020-03-27,ML,17.2,14.1,20.2
2020-03-27,NC,6.4,-3.8,15.4
2020-03-27,PV,7.1,-4.7,16.6
2020-03-27,RI,6.2,-5.7,17.2
2020-03-27,VC,7.4,-1.8,17
2020-03-28,AN,12.1,-1,21.7
2020-03-28,AR,8.4,-3.7,19.8
2020-03-28,AS,9,-0.3,17.5
2020-03-28,CB,8,-5,18.6
2020-03-28,CE,15,11.4,18.6
2020-03-28,CL,6.6,-6.6,20.1
2020-03-28,CM,7.2,-4.7,17.9
2020-03-28,CN,14.9,-3.2,23
2020-03-28,CT,10.9,-0.7,20.8
2020-03-28,EX,9.9,-0.7,19.7
2020-03-28,GA,10.6,-2.8,22.1
2020-03-28,IB,11.5,2.2,18.6
2020-03-28,MC,10.8,0.1,18.5
2020-03-28,MD,7.1,-4.5,17.2
2020-03-28,ML,14.8,13.8,15.8
2020-03-28,NC,8.6,-2.2,19.1
2020-03-28,PV,9,-2.5,19.1
2020-03-28,RI,8.2,-2.1,19.7
2020-03-28,VC,9.6,-1.8,19.8
2020-03-29,AN,13.1,-0.1,22.4
2020-03-29,AR,9.2,-2.8,21.1
2020-03-29,AS,9.1,-0.5,16.5
2020-03-29,CB,7.5,-3.4,16
2020-03-29,CE,15.6,13.6,17.6
2020-03-29,CL,7.8,-4.8,21.2
2020-03-29,CM,9.4,-3.3,21.4
2020-03-29,CN,15,-0.3,23.6
2020-03-29,CT,11.4,-2,22.8
2020-03-29,EX,12,-0.1,20.9
2020-03-29,GA,10.9,-2.9,21.9
2020-03-29,IB,13.2,2.6,21.7
2020-03-29,MC,12.5,0.2,22.7
2020-03-29,MD,9.7,-2.3,20.5
2020-03-29,ML,14,10.2,17.8
2020-03-29,NC,7.9,-1.6,16.1
2020-03-29,PV,7.8,-2.8,15.8
2020-03-29,RI,7.9,-1,16.8
2020-03-29,VC,12.7,-1.3,24.3
2020-03-30,AN,13.1,3.6,21.8
2020-03-30,AR,4.3,-7.2,12
2020-03-30,AS,3.9,-5.5,11.5
2020-03-30,CB,3.2,-7.3,9.5
2020-03-30,CE,15.7,12.6,18.8
2020-03-30,CL,3,-5.8,12.7
2020-03-30,CM,7.1,-2.4,16.3
2020-03-30,CN,15.9,1.7,25.2
2020-03-30,CT,7.2,-2.4,15.1
2020-03-30,EX,9.2,-1.6,15.9
2020-03-30,GA,6.9,-2.4,14.3
2020-03-30,IB,12.8,1.4,20
2020-03-30,MC,13.1,4.7,21.4
2020-03-30,MD,4.9,-5.5,13.3
2020-03-30,ML,16.5,12.7,20.4
2020-03-30,NC,3.5,-3.8,9.7
2020-03-30,PV,3.6,-1.9,9.4
2020-03-30,RI,3.3,-7.2,9.3
2020-03-30,VC,9.8,-2.6,18
2020-03-31,AN,13.1,1.1,20.5
2020-03-31,AR,3.2,-4.8,10.8
2020-03-31,AS,4.7,-5.5,11.3
2020-03-31,CB,4,-8.9,11.3
2020-03-31,CE,16,12.8,19.3
2020-03-31,CL,3.2,-6.2,13.1
2020-03-31,CM,7.3,-3.5,16.2
2020-03-31,CN,16.9,4.3,25.5
2020-03-31,CT,7.6,-2.7,13.7
2020-03-31,EX,8.5,-2.1,16.8
2020-03-31,GA,5.3,-4.1,12.6
2020-03-31,IB,14.3,6.3,21.6
2020-03-31,MC,13.1,4.4,20.9
2020-03-31,MD,3.9,-5.3,12.9
2020-03-31,ML,17.3,14.3,20.4
2020-03-31,NC,3.5,-2.1,9.8
2020-03-31,PV,4.2,-2.3,10.8
2020-03-31,RI,2.1,-6.5,7.5
2020-03-31,VC,9.5,-2.7,20.2
2020-04-01,AN,12.1,1.3,20.8
2020-04-01,AR,7.3,-2.7,14.5
2020-04-01,AS,9.1,1,15.8
2020-04-01,CB,10.5,-0.4,19.1
2020-04-01,CE,15.1,12.3,17.9
2020-04-01,CL,7.1,-2.8,17.2
2020-04-01,CM,9.7,1.4,17
2020-04-01,CN,16.3,0.6,26
2020-04-01,CT,8.5,0.8,14.9
2020-04-01,EX,8.5,-0.3,16.9
2020-04-01,GA,9.8,0.7,19.3
2020-04-01,IB,15.5,6.5,20.9
2020-04-01,MC,14.8,4.5,23.7
2020-04-01,MD,7.9,-1.4,15.4
2020-04-01,ML,17.1,13.5,20.7
2020-04-01,NC,8.4,3.5,16.9
2020-04-01,PV,10.2,4.2,18.6
2020-04-01,RI,7.2,0.8,14
2020-04-01,VC,13.6,3.3,22.4
2020-04-02,AN,10.8,-1.7,19.6
2020-04-02,AR,8.9,-4.8,17.1
2020-04-02,AS,9.7,0.2,14.5
2020-04-02,CB,9.4,-1.9,15.7
2020-04-02,CE,13.5,11.5,15.5
2020-04-02,CL,7.1,-5.3,19.5
2020-04-02,CM,8.6,-0.8,20.3
2020-04-02,CN,16.3,1.8,24.2
2020-04-02,CT,9.3,0.5,17
2020-04-02,EX,11,-0.2,20.2
2020-04-02,GA,11.6,1.7,22.9
2020-04-02,IB,13.9,4.5,20.1
2020-04-02,MC,12,2,20.3
2020-04-02,MD,6.8,-3.5,17.2
2020-04-02,ML,15.9,12,19.7
2020-04-02,NC,10,2.1,17
2020-04-02,PV,10.3,2,17.8
2020-04-02,RI,7.9,-1.5,16.6
2020-04-02,VC,11.9,2.9,19.7
2020-04-03,AN,13,1.2,22.6
2020-04-03,AR,8.2,-5.3,20.2
2020-04-03,AS,10.1,-1.2,18.5
2020-04-03,CB,9,-5.1,17.2
2020-04-03,CE,15.7,13.1,18.3
2020-04-03,CL,7.1,-6.1,21.6
2020-04-03,CM,9.7,-3.1,20.8
2020-04-03,CN,16.6,2.4,25.4
2020-04-03,CT,9.9,-2.5,20.3
2020-04-03,EX,12.7,0.4,23
2020-04-03,GA,11.5,-1,24.6
2020-04-03,IB,12.3,2.1,19.6
2020-04-03,MC,13.6,3.4,21.1
2020-04-03,MD,8.7,-2.5,18.5
2020-04-03,ML,15.6,13,18.3
2020-04-03,NC,8.6,-0.6,17.1
2020-04-03,PV,8.5,-2.7,21.6
2020-04-03,RI,7.5,-5.7,17
2020-04-03,VC,12.3,-0.6,20.9
2020-04-04,AN,13.5,1.9,22.2
2020-04-04,AR,9.5,-3.2,22.1
2020-04-04,AS,12.7,1.2,23.9
2020-04-04,CB,11.9,-3.9,25.9
2020-04-04,CE,15.5,14.7,16.3
2020-04-04,CL,8.6,-4.4,22.5
2020-04-04,CM,10.5,-3,21.8
2020-04-04,CN,18.3,2,26.9
2020-04-04,CT,10.5,-2.7,21.3
2020-04-04,EX,12.8,0.9,21
2020-04-04,GA,13.3,-0.1,23.2
2020-04-04,IB,12.3,1.8,21.2
2020-04-04,MC,12.1,0.1,19.9
2020-04-04,MD,9.4,-2.3,19.4
2020-04-04,ML,15.8,13.7,18
2020-04-04,NC,10,-2.1,23.9
2020-04-04,PV,11.8,-2.8,24.8
2020-04-04,RI,9.2,-0.3,20
2020-04-04,VC,11.4,-2.1,20.8
2020-04-05,AN,15,2.6,23.7
2020-04-05,AR,10.4,-1.5,20.5
2020-04-05,AS,15.2,4.5,23.6
2020-04-05,CB,16.7,3.4,25.8
2020-04-05,CE,16.3,15.1,17.4
2020-04-05,CL,11.5,1.8,21.5
2020-04-05,CM,13.1,0.3,22.8
2020-04-05,CN,18.6,-3.9,28.7
2020-04-05,CT,10.6,-2.4,22.2
2020-04-05,EX,14.2,5.6,22.5
2020-04-05,GA,13.5,7.8,21.2
2020-04-05,IB,12.2,-1.3,21
2020-04-05,MC,13.2,1.3,21
2020-04-05,MD,12.3,1.8,22.2
2020-04-05,ML,16.4,14.6,18.1
2020-04-05,NC,13.4,6.1,23.2
2020-04-05,PV,16.4,7.2,24.8
2020-04-05,RI,12.3,4.3,19.5
2020-04-05,VC,12,2.6,19.5
2020-04-06,AN,15.3,4.7,23.2
2020-04-06,AR,11.7,0.4,21.5
2020-04-06,AS,11.7,3.8,18.5
2020-04-06,CB,12.5,3.8,19.7
2020-04-06,CE,16.4,15,17.9
2020-04-06,CL,11.6,2.9,20
2020-04-06,CM,13.5,1.9,21.9
2020-04-06,CN,19,5.3,27.5
2020-04-06,CT,11.5,0.8,20.7
2020-04-06,EX,14.7,7,22.4
2020-04-06,GA,12.3,5,18.6
2020-04-06,IB,13.2,-0.2,21.3
2020-04-06,MC,14.3,6.3,21.8
2020-04-06,MD,13.5,4.4,20.1
2020-04-06,ML,15.9,13,18.7
2020-04-06,NC,12.6,6.2,19.6
2020-04-06,PV,13.5,7.5,20.4
2020-04-06,RI,11.2,5.1,17.4
2020-04-06,VC,13.2,4.7,21.6
2020-04-07,AN,16.2,6.1,25.7
2020-04-07,AR,11.3,0.6,19.4
2020-04-07,AS,13.6,4.6,21.2
2020-04-07,CB,13.3,3.9,23.5
2020-04-07,CE,16.8,15.1,18.4
2020-04-07,CL,12.9,3.5,23.6
2020-04-07,CM,14.1,6.8,22.3
2020-04-07,CN,19.1,3.9,27.6
2020-04-07,CT,12,3.1,20.6
2020-04-07,EX,15.6,7.4,22.7
2020-04-07,GA,14.9,7.2,23.9
2020-04-07,IB,13.9,2.6,21.8
2020-04-07,MC,14.9,8.6,21.6
2020-04-07,MD,13,3.3,19.4
2020-04-07,ML,16.6,14.3,18.9
2020-04-07,NC,12.4,7.6,20.3
2020-04-07,PV,14.5,7.4,23.3
2020-04-07,RI,11.3,5.5,14.2
2020-04-07,VC,13.6,4,20.7
2020-04-08,AN,16.3,5.3,26.7
2020-04-08,AR,12.4,-0.1,22.1
2020-04-08,AS,14.3,5.4,23.6
2020-04-08,CB,14.1,5.4,23.4
2020-04-08,CE,16.6,14.9,18.3
2020-04-08,CL,13.4,1.9,25.3
2020-04-08,CM,14.5,3.4,25.1
2020-04-08,CN,19.8,7.4,29.9
2020-04-08,CT,12.8,-0.1,21.9
2020-04-08,EX,16.2,7.9,24.2
2020-04-08,GA,15.1,2.5,25.7
2020-04-08,IB,14.9,5.2,23.3
2020-04-08,MC,14,4,21.5
2020-04-08,MD,14.7,5,22.9
2020-04-08,ML,16.6,14.7,18.5
2020-04-08,NC,15,5.9,24.7
2020-04-08,PV,15.9,6.2,24.7
2020-04-08,RI,13.3,5.8,21.1
2020-04-08,VC,13.5,3.3,21.8
2020-04-09,AN,15.6,6.4,24.2
2020-04-09,AR,12.7,0.4,23.8
2020-04-09,AS,14.2,6.1,25.1
2020-04-09,CB,15.7,3.9,27.2
2020-04-09,CE,15.6,15.1,16.1
2020-04-09,CL,12.6,2.6,22.6
2020-04-09,CM,12.7,2.5,21.5
2020-04-09,CN,19.9,6.5,28.5
2020-04-09,CT,12.9,0.5,23.5
2020-04-09,EX,15,7.8,21.4
2020-04-09,GA,14.6,9.6,19.7
2020-04-09,IB,15.3,4.3,23.6
2020-04-09,MC,14.3,5.1,21.7
2020-04-09,MD,12.2,5.2,18.1
2020-04-09,ML,16.2,14.9,17.5
2020-04-09,NC,14.4,3.1,27
2020-04-09,PV,16.9,4.1,27.6
2020-04-09,RI,13.3,5.7,22.4
2020-04-09,VC,13.4,2.7,21.7
2020-04-10,AN,15.7,5.2,24.7
2020-04-10,AR,12,0.2,22.5
2020-04-10,AS,15.1,6.9,21.7
2020-04-10,CB,14.3,5.9,20.7
2020-04-10,CE,16.4,14.5,18.4
2020-04-10,CL,12.7,3.9,22.7
2020-04-10,CM,12.1,5.5,21.1
2020-04-10,CN,19.3,6.6,26.4
2020-04-10,CT,13.3,1,23.8
2020-04-10,EX,16.3,8,23.5
2020-04-10,GA,13.6,7.7,19.9
2020-04-10,IB,15.4,3.4,23.9
2020-04-10,MC,15.9,7.5,22.9
2020-04-10,MD,11.3,4.8,16.5
2020-04-10,NC,14.3,3,24.5
2020-04-10,PV,16,9.5,24.1
2020-04-10,RI,12.6,6.4,20
2020-04-10,VC,14.5,6.6,22
2020-04-11,AN,15.9,5.5,25.2
2020-04-11,AR,13,-0.4,24.1
2020-04-11,AS,13.1,6.2,18
2020-04-11,CB,13.1,5.8,17.6
2020-04-11,CE,16.4,14.8,18
2020-04-11,CL,12.8,1.5,22.2
2020-04-11,CM,13.5,3.3,22
2020-04-11,CN,18.3,2.5,26.4
2020-04-11,CT,12.9,1.1,23.4
2020-04-11,EX,16.2,8.1,24.2
2020-04-11,GA,13.9,6.5,22.6
2020-04-11,IB,14.8,2.8,24.2
2020-04-11,MC,14.5,4.2,23.2
2020-04-11,MD,13.4,4.3,20.5
2020-04-11,ML,15.6,12.9,18.4
2020-04-11,NC,14.6,7.6,22.7
2020-04-11,PV,15.3,9,23
2020-04-11,RI,12.4,5.9,19.5
2020-04-11,VC,14.9,3.9,23.3
2020-04-12,AN,15.6,4.4,25.1
2020-04-12,AR,12.7,-0.8,22.8
2020-04-12,AS,13.4,5.5,19.3
2020-04-12,CB,14.3,4.7,21.9
2020-04-12,CE,14.7,13.6,15.8
2020-04-12,CL,12.9,2.4,23
2020-04-12,CM,13.2,2.3,23.2
2020-04-12,CN,17,0.5,27
2020-04-12,CT,12.7,1.1,22.3
2020-04-12,EX,15.5,5.9,23.6
2020-04-12,GA,13.7,2.8,24.4
2020-04-12,IB,15.3,5.6,23.6
2020-04-12,MC,14.2,5.4,20
2020-04-12,MD,13,1.7,21.1
2020-04-12,NC,14.2,6.6,22.3
2020-04-12,PV,16.1,8.8,23.2
2020-04-12,RI,12.9,5.9,19.9
2020-04-12,VC,13.8,4.2,22.2
2020-04-13,AN,15.6,6,24.6
2020-04-13,AR,11.1,-0.9,21.5
2020-04-13,AS,10.1,1.6,16.3
2020-04-13,CB,12,2.8,20.6
2020-04-13,CE,16.5,14,19
2020-04-13,CL,11.1,1.7,22.6
2020-04-13,CM,12.5,0.7,23.2
2020-04-13,CN,16.7,-0.2,26.5
2020-04-13,CT,10.5,1.8,20.9
2020-04-13,EX,14.1,6.6,21.5
2020-04-13,GA,10.4,1.5,18.7
2020-04-13,IB,17.1,8.7,23.2
2020-04-13,MC,15.7,7,23
2020-04-13,MD,12,2.2,20
2020-04-13,NC,13.3,4,22.4
2020-04-13,PV,14.5,6.2,21.9
2020-04-13,RI,12.1,5.2,21.1
2020-04-13,VC,15.1,3.8,22.5
2020-04-14,AN,15.3,4.6,24
2020-04-14,AR,12.8,-1.2,23.7
2020-04-14,AS,13.1,2.6,20.9
2020-04-14,CB,12.3,2,20.3
2020-04-14,CE,16.5,14.3,18.7
2020-04-14,CL,11.7,1.9,22.1
2020-04-14,CM,12.7,2,21.6
2020-04-14,CN,16.6,-2.8,25.9
2020-04-14,CT,14.2,2.9,23.4
2020-04-14,EX,14.3,5.4,22.1
2020-04-14,GA,14.7,3,26
2020-04-14,IB,15.4,6.5,22.4
2020-04-14,MC,15.2,6.6,21.7
2020-04-14,MD,12,2.3,20.2
2020-04-14,ML,16.4,13.3,19.5
2020-04-14,NC,13.6,4.5,22.5
2020-04-14,PV,13.7,3.8,21.7
2020-04-14,RI,12.4,4.1,21.6
2020-04-14,VC,14.8,6.4,22
2020-04-15,AN,15.3,5.8,23.2
2020-04-15,AR,11.1,-0.1,20.5
2020-04-15,AS,13.6,3.1,22.3
2020-04-15,CB,14.8,2,25.3
2020-04-15,CE,16.5,13.9,19.1
2020-04-15,CL,10.3,0.1,18.6
2020-04-15,CM,12.1,3.6,19.2
2020-04-15,CN,16.9,-2.4,26
2020-04-15,CT,12.4,1.2,21.5
2020-04-15,EX,13.4,4.9,20.9
2020-04-15,GA,13.2,5.4,19.6
2020-04-15,IB,15,4.6,21.7
2020-04-15,MC,15.8,8.9,21.3
2020-04-15,MD,10.5,-0.5,18
2020-04-15,NC,13.7,5.6,24.1
2020-04-15,PV,15.4,7.1,24.9
2020-04-15,RI,12.3,4.6,18.3
2020-04-15,VC,13.2,2.5,20.2
2020-04-16,AN,16.2,5.4,26.2
2020-04-16,AR,13.9,-0.1,24.2
2020-04-16,AS,13.2,3.9,21.1
2020-04-16,CB,15.1,1.9,25
2020-04-16,CE,17.3,15.8,18.7
2020-04-16,CL,10.5,0.8,22.3
2020-04-16,CM,13.8,3.7,23.3
2020-04-16,CN,17.3,1.3,27.8
2020-04-16,CT,15,3.4,23.1
2020-04-16,EX,13.5,5.9,20.5
2020-04-16,GA,12.2,6.2,17.8
2020-04-16,IB,17.4,8.3,24
2020-04-16,MC,15.7,6,22.3
2020-04-16,MD,12.2,2.2,20.9
2020-04-16,NC,16,9.4,25.5
2020-04-16,PV,17.1,8.1,25.8
2020-04-16,RI,13.8,5.1,21.5
2020-04-16,VC,14.6,2.2,21.5
2020-04-17,AN,16.5,6.8,24.9
2020-04-17,AR,14.3,1.2,23.5
2020-04-17,AS,13.3,3.3,21.4
2020-04-17,CB,14.6,2.8,24.6
2020-04-17,CE,16.6,15.2,18
2020-04-17,CL,11.4,1.2,22.2
2020-04-17,CM,14.1,5.1,21.7
2020-04-17,CN,16.7,-1.9,25.1
2020-04-17,CT,15.2,4.4,23.3
2020-04-17,EX,14.1,6.3,20.7
2020-04-17,GA,13.2,6,19.6
2020-04-17,IB,16.8,5.7,23.9
2020-04-17,MC,16.2,9.5,22.9
2020-04-17,MD,12.4,2.3,20.6
2020-04-17,NC,16,9.5,23.7
2020-04-17,PV,17.1,5.5,26.8
2020-04-17,RI,14.1,5.9,21.6
2020-04-17,VC,15.2,6.4,21.6
2020-04-18,AN,16.9,6.7,26.4
2020-04-18,AR,15.1,1.8,25.4
2020-04-18,AS,12.4,1.7,20.2
2020-04-18,CB,13,4.2,22.4
2020-04-18,CE,17.6,15.3,19.9
2020-04-18,CL,11.4,1.9,23.7
2020-04-18,CM,14.8,3.8,23.4
2020-04-18,CN,16.3,-1.2,26.2
2020-04-18,CT,15.6,5.1,25.3
2020-04-18,EX,14.9,6.6,22.8
2020-04-18,GA,13.2,3.9,22.9
2020-04-18,IB,18.9,9.3,27.3
2020-04-18,MC,15.9,6.9,20.8
2020-04-18,MD,13.2,3.1,21.7
2020-04-18,NC,15.2,7.1,24.4
2020-04-18,PV,15.6,6.9,24.2
2020-04-18,RI,12.9,4.6,22.5
2020-04-18,VC,15.4,5.8,23.3
2020-04-19,AN,17.1,6.9,28.7
2020-04-19,AR,13.9,1.3,23.2
2020-04-19,AS,11.2,1.8,17.5
2020-04-19,CB,12.2,3,17.5
2020-04-19,CE,18.5,15.7,21.2
2020-04-19,CL,11,0.5,23.3
2020-04-19,CM,13.5,5.7,22.1
2020-04-19,CN,16.7,-0.8,26
2020-04-19,CT,14.7,5,23
2020-04-19,EX,15.1,7.3,22.7
2020-04-19,GA,12.2,2.1,20.9
2020-04-19,IB,18.1,11.8,23.7
2020-04-19,MC,17.5,9.9,24.9
2020-04-19,MD,12.5,2.2,20.3
2020-04-19,NC,13.8,7.5,19.9
2020-04-19,PV,12.5,0,16.6
2020-04-19,RI,11.6,4.2,17.8
2020-04-19,VC,15.6,8.2,23.8
2020-04-20,AN,14.2,1.9,23.9
2020-04-20,AR,13.7,0.8,22.9
2020-04-20,AS,11.8,1.1,19.3
2020-04-20,CB,12.8,0.7,20.8
2020-04-20,CE,16.2,12.2,20.3
2020-04-20,CL,10,-1.7,20.3
2020-04-20,CM,11.6,3.9,19.2
2020-04-20,CN,17.6,3.4,27.4
2020-04-20,CT,14.5,6,21.8
2020-04-20,EX,12.1,5.4,19.7
2020-04-20,GA,12.4,2,20.8
2020-04-20,IB,16.1,10,20.9
2020-04-20,MC,17.2,6.9,26.3
2020-04-20,MD,11,0.9,19.7
2020-04-20,ML,18.1,15.4,20.7
2020-04-20,NC,13.1,7.4,20.1
2020-04-20,PV,14,8.2,20.1
2020-04-20,RI,12.9,3.3,20.4
2020-04-20,VC,16.9,6.7,26.4
2020-04-21,AN,13.1,0.2,21.5
2020-04-21,AR,10.7,-0.2,16.8
2020-04-21,AS,11.9,3.2,17.6
2020-04-21,CB,11.4,1.8,16.7
2020-04-21,CE,14.5,12.3,16.7
2020-04-21,CL,9.7,-1.4,19.9
2020-04-21,CM,10,2.1,19.4
2020-04-21,CN,17,4.1,26.2
2020-04-21,CT,12.5,3.8,20.5
2020-04-21,EX,12.6,4.9,19.5
2020-04-21,GA,13.3,5.6,21.4
2020-04-21,IB,15.7,6.3,22.1
2020-04-21,MC,14.9,3.8,23.9
2020-04-21,MD,9.9,1.1,16.6
2020-04-21,ML,16.8,12.8,20.7
2020-04-21,NC,10,6,13.2
2020-04-21,PV,11.1,5.8,15.7
2020-04-21,RI,9,1.8,13.4
2020-04-21,VC,13.4,5.3,23.1
2020-04-22,AN,15.7,4.2,28.7
2020-04-22,AR,12.9,0.1,21.8
2020-04-22,AS,12.1,1.3,17.3
2020-04-22,CB,12.2,1.8,18.8
2020-04-22,CE,17.3,14.5,20
2020-04-22,CL,10.7,1.2,22.5
2020-04-22,CM,13.3,4.9,22.2
2020-04-22,CN,16.2,0.8,25.3
2020-04-22,CT,12.8,2.5,23
2020-04-22,EX,14.4,6.6,23
2020-04-22,GA,11.9,4.6,18.4
2020-04-22,IB,15,5.5,22.1
2020-04-22,MC,17.5,8.5,24.8
2020-04-22,MD,12.4,0.9,21.3
2020-04-22,ML,18.4,15.1,21.7
2020-04-22,NC,12.2,6.6,19.3
2020-04-22,PV,12,6.2,17.9
2020-04-22,RI,10.9,2.3,18.5
2020-04-22,VC,15.7,5.5,23.2
2020-04-23,AN,16.3,5.4,26.8
2020-04-23,AR,13.6,1.7,23.8
2020-04-23,AS,13.4,4.9,19.8
2020-04-23,CB,13.4,3.4,23
2020-04-23,CE,16.8,14.9,18.8
2020-04-23,CL,12.4,2.1,26
2020-04-23,CM,14.1,3.9,24.6
2020-04-23,CN,15.8,-1.2,24.5
2020-04-23,CT,14.9,4.9,23.7
2020-04-23,EX,15.7,6.5,25.4
2020-04-23,GA,13.5,2.2,25.3
2020-04-23,IB,15.8,5.6,23.2
2020-04-23,MC,15.7,4.7,23.7
2020-04-23,MD,13.8,3.1,21.1
2020-04-23,ML,17,14.3,19.7
2020-04-23,NC,14,5,22.7
2020-04-23,PV,14.2,3,23.3
2020-04-23,RI,11.5,3.3,21.9
2020-04-23,VC,15.3,6.5,22.8
2020-04-24,AN,17.2,5.3,27
2020-04-24,AR,15,1.5,26.4
2020-04-24,AS,15.1,7.3,23.6
2020-04-24,CB,15,5.3,22.9
2020-04-24,CE,16.4,15.8,17
2020-04-24,CL,14.1,3.1,25.4
2020-04-24,CM,15.2,4.1,25.9
2020-04-24,CN,16.8,-0.6,26.5
2020-04-24,CT,15,2.3,25.4
2020-04-24,EX,17.5,7.3,27.3
2020-04-24,GA,15.2,4,26.9
2020-04-24,IB,15.2,3.2,23.6
2020-04-24,MC,15.2,4.2,21.9
2020-04-24,MD,14.8,3.8,23.5
2020-04-24,ML,16.7,15.2,18.2
2020-04-24,NC,16.4,7.2,24.8
2020-04-24,PV,16.9,9.1,25.4
2020-04-24,RI,14.8,6.6,23.2
2020-04-24,VC,15.2,5.3,22.8
2020-04-25,AN,15.2,6,21.7
2020-04-25,AR,14.5,2,26.5
2020-04-25,AS,14.1,7,21
2020-04-25,CB,14.4,3.8,21.7
2020-04-25,CE,16.5,14.8,18.3
2020-04-25,CL,13.7,2.8,24.6
2020-04-25,CM,14.2,2,24.9
2020-04-25,CN,16.4,-0.3,25.1
2020-04-25,CT,14.6,3.6,24.6
2020-04-25,EX,16,8.1,23.8
2020-04-25,GA,13.8,6.5,22.3
2020-04-25,IB,15.7,4.6,22.4
2020-04-25,MC,13.5,7.1,17.5
2020-04-25,MD,14.5,4.3,24.1
2020-04-25,NC,16.6,9.2,25.7
2020-04-25,PV,16.5,7.4,23.3
2020-04-25,RI,14.8,5.8,25.8
2020-04-25,VC,14.1,2.7,22.4
2020-04-26,AN,15.4,5,24.7
2020-04-26,AR,14.2,1.7,26.1
2020-04-26,AS,12.8,4.5,18.6
2020-04-26,CB,14.3,3.8,21.1
2020-04-26,CE,17.3,14.4,20.3
2020-04-26,CL,12.4,2.6,23.1
2020-04-26,CM,14.4,5.5,22.3
2020-04-26,CN,16.4,2,28.1
2020-04-26,CT,14.8,3.4,25.2
2020-04-26,EX,13.2,6.4,19.8
2020-04-26,GA,12.7,5.7,19.2
2020-04-26,IB,17.7,8.3,24.2
2020-04-26,MC,16.9,7.1,26.3
2020-04-26,MD,13.9,3.4,21.5
2020-04-26,ML,18.2,14.8,21.5
2020-04-26,NC,15.7,6.5,23.9
2020-04-26,PV,15.9,10.1,21.5
2020-04-26,RI,14.6,5,21.3
2020-04-26,VC,15.9,4.9,26.1
2020-04-27,AN,14.8,4,24.5
2020-04-27,AR,13.3,-1.5,24.2
2020-04-27,AS,12.1,2.3,18.9
2020-04-27,CB,12.1,1,18.5
2020-04-27,CE,17.9,13.6,22.2
2020-04-27,CL,10.4,1.6,19.5
2020-04-27,CM,12.4,5.9,19.9
2020-04-27,CN,17.1,1.6,26.7
2020-04-27,CT,14.5,4.4,24
2020-04-27,EX,13.2,4.8,20.3
2020-04-27,GA,12,4.4,18
2020-04-27,IB,16.8,7.1,24.4
2020-04-27,MC,17.3,6.2,25.5
2020-04-27,MD,11.3,1.3,18
2020-04-27,ML,18.8,15.3,22.2
2020-04-27,NC,14.2,6.9,22.7
2020-04-27,PV,13.5,5.7,21
2020-04-27,RI,12.8,2.4,19.8
2020-04-27,VC,17,6.7,26.6
2020-04-28,AN,15.5,5.7,24.9
2020-04-28,AR,11.7,-2,22.8
2020-04-28,AS,12,1.8,19.5
2020-04-28,CB,11.5,1.1,17.9
2020-04-28,CE,17.5,14,21
2020-04-28,CL,9.5,-1.3,19.4
2020-04-28,CM,11.5,2.8,19.3
2020-04-28,CN,17.4,1.2,26.5
2020-04-28,CT,14.2,2.5,24.8
2020-04-28,EX,12.5,3.4,21.3
2020-04-28,GA,11.9,3.3,18.8
2020-04-28,IB,17.8,8.2,24.7
2020-04-28,MC,16.4,6.2,25.3
2020-04-28,MD,10.5,-0.2,19.1
2020-04-28,ML,18.5,14.7,22.3
2020-04-28,NC,11.6,2.2,21.8
2020-04-28,PV,12.3,5.2,18.4
2020-04-28,RI,11,1.8,19.6
2020-04-28,VC,15.7,4.6,27
2020-04-29,AN,15.9,4.6,29
2020-04-29,AR,12.2,-2.5,26.4
2020-04-29,AS,12.6,3.6,19.3
2020-04-29,CB,11.9,1.9,20.8
2020-04-29,CE,17.9,14.1,21.7
2020-04-29,CL,10,-1.1,20.1
2020-04-29,CM,12.2,0.1,23.2
2020-04-29,CN,17.4,3,26.9
2020-04-29,CT,13.6,0.6,25.8
2020-04-29,EX,12.7,3.7,23.3
2020-04-29,GA,12.1,5.4,17.6
2020-04-29,IB,17.5,8,25.8
2020-04-29,MC,17.1,4,26.3
2020-04-29,MD,11.8,1.7,21.4
2020-04-29,ML,19.6,16.5,22.8
2020-04-29,NC,12.6,3.6,24.2
2020-04-29,PV,13,4.1,23.3
2020-04-29,RI,12.3,2.4,23.7
2020-04-29,VC,17,3,28.9
2020-04-30,AN,17,5.6,28.7
2020-04-30,AR,14.6,-0.9,24.8
2020-04-30,AS,14.4,3.2,22.2
2020-04-30,CB,13.5,1.9,21.5
2020-04-30,CE,18.9,15.2,22.6
2020-04-30,CL,10.6,0.1,20
2020-04-30,CM,14.1,6.7,22.5
2020-04-30,CN,18.3,2.9,28.7
2020-04-30,CT,15.8,4.8,25.9
2020-04-30,EX,14.4,5,23.2
2020-04-30,GA,12.6,4.8,20.3
2020-04-30,IB,19,9.5,26.5
2020-04-30,MC,18.7,7,28.3
2020-04-30,MD,12.6,1.6,20.9
2020-04-30,ML,19.5,15.8,23.2
2020-04-30,NC,15.3,7,24.1
2020-04-30,PV,15.3,7.5,22.2
2020-04-30,RI,15.1,7.8,21.3
2020-04-30,VC,19.3,7.5,28.4
2020-05-01,AN,18.7,7.1,31
2020-05-01,AR,15.7,0.4,27.9
2020-05-01,AS,17.9,6.8,27
2020-05-01,CB,16,5.5,22.5
2020-05-01,CE,22.1,16.4,27.8
2020-05-01,CL,14.6,4.2,23.8
2020-05-01,CM,15.6,6.3,26.2
2020-05-01,CN,19,5.3,28.7
2020-05-01,CT,17,3.1,30.7
2020-05-01,EX,16.5,7.7,24.9
2020-05-01,GA,15.4,9.8,23.2
2020-05-01,IB,19.5,6.8,30.3
2020-05-01,MC,20.5,8,30.8
2020-05-01,MD,14.7,4.8,23.7
2020-05-01,ML,21.2,17.3,25.1
2020-05-01,NC,17.3,9.4,27.5
2020-05-01,PV,18,10,24.3
2020-05-01,RI,18.3,9.5,25.1
2020-05-01,VC,21.1,8.7,33.7
2020-05-02,AN,21.2,8.7,32.5
2020-05-02,AR,17.9,3.8,30.7
2020-05-02,AS,17.2,7.4,25.3
2020-05-02,CB,16.7,7.3,25
2020-05-02,CE,22.4,17.8,27.1
2020-05-02,CL,15.7,3.8,27.1
2020-05-02,CM,18.6,5.9,30.8
2020-05-02,CN,19.3,7.7,29.9
2020-05-02,CT,18.5,3.9,32.4
2020-05-02,EX,18.8,8.2,29.9
2020-05-02,GA,16.7,9,24.7
2020-05-02,IB,21.3,11.8,30.2
2020-05-02,MC,22.9,12.3,34.3
2020-05-02,MD,17.1,5.7,27.9
2020-05-02,ML,22.6,18.2,27
2020-05-02,NC,17.8,9.8,27.2
2020-05-02,PV,18.2,9.3,26.7
2020-05-02,RI,17.2,8.5,25
2020-05-02,VC,23.3,9,34.1
2020-05-03,AN,23.1,8.2,36.5
2020-05-03,AR,18.3,3.7,31.6
2020-05-03,AS,16.6,4.7,28.3
2020-05-03,CB,16.8,5.1,27.7
2020-05-03,CE,20.6,16.9,24.3
2020-05-03,CL,16.5,-0.2,33.3
2020-05-03,CM,19.9,4.5,33.6
2020-05-03,CN,19.4,3.2,29.9
2020-05-03,CT,18.2,3.6,29.5
2020-05-03,EX,21.6,8,34.9
2020-05-03,GA,18.1,5,31.8
2020-05-03,IB,20.5,8.8,30.5
2020-05-03,MC,21.9,9.7,32
2020-05-03,MD,18.4,4.5,31.4
2020-05-03,ML,22,17.8,26.2
2020-05-03,NC,17.8,5.7,28.8
2020-05-03,PV,18.4,5.9,31.4
2020-05-03,RI,17.5,7.4,29.3
2020-05-03,VC,21,7.2,30
2020-05-04,AN,22.9,10.2,36.3
2020-05-04,AR,20.2,5.9,33.8
2020-05-04,AS,21.3,8.4,34.5
2020-05-04,CB,20.7,5.8,35.3
2020-05-04,CE,22.6,18.7,26.4
2020-05-04,CL,18.2,4.8,30.7
2020-05-04,CM,21.5,6.8,34.6
2020-05-04,CN,18.5,2.4,27.8
2020-05-04,CT,19,5.8,32
2020-05-04,EX,20.9,10.2,31.5
2020-05-04,GA,17.9,9.5,28.8
2020-05-04,IB,20.2,8.4,31.3
2020-05-04,MC,21.6,8.3,33.3
2020-05-04,MD,20.7,6.9,32.8
2020-05-04,ML,21.8,17.9,25.6
2020-05-04,NC,20.4,6.4,32.3
2020-05-04,PV,21.8,8.4,32.8
2020-05-04,RI,19.9,9.9,31.8
2020-05-04,VC,20.1,7,31.4
2020-05-05,AN,20.4,8,33.9
2020-05-05,AR,18.4,5.2,29.3
2020-05-05,AS,16.2,5.5,24.4
2020-05-05,CB,16.4,6.5,26.3
2020-05-05,CE,22.1,17.5,26.6
2020-05-05,CL,14,3.2,24.9
2020-05-05,CM,18.2,5.8,30.8
2020-05-05,CN,18.3,6.5,27.3
2020-05-05,CT,18.9,8,29.9
2020-05-05,EX,16.9,7.3,25.4
2020-05-05,GA,15.7,7,23.8
2020-05-05,IB,21.2,8.6,32.5
2020-05-05,MC,22.3,11,32.2
2020-05-05,MD,16,4.9,26.1
2020-05-05,ML,23.6,18.9,28.3
2020-05-05,NC,18.7,10.4,27.8
2020-05-05,PV,18.7,8.7,28.1
2020-05-05,RI,17.6,8,27.1
2020-05-05,VC,20.9,9.4,31.4
2020-05-06,AN,20.6,7.6,34.2
2020-05-06,AR,17.5,2.3,31
2020-05-06,AS,15.7,4.4,24.3
2020-05-06,CB,15.3,2.7,26.8
2020-05-06,CE,23.1,18,28.3
2020-05-06,CL,14,-1,28.2
2020-05-06,CM,17.9,2,32.3
2020-05-06,CN,18.1,5.6,27.4
2020-05-06,CT,18.8,3.1,30.8
2020-05-06,EX,17.5,6.2,27.1
2020-05-06,GA,15.8,4.1,26.2
2020-05-06,IB,20.5,9.6,29.6
2020-05-06,MC,21.3,10.1,30.6
2020-05-06,MD,15.4,2.2,27.7
2020-05-06,ML,23.6,19.1,28
2020-05-06,NC,17.7,6.4,29.9
2020-05-06,PV,17.2,4.8,26.8
2020-05-06,RI,16.8,6,28.3
2020-05-06,VC,20.3,6.6,29.5
2020-05-07,AN,21.6,10.9,32.4
2020-05-07,AR,18.1,5.5,30.7
2020-05-07,AS,16.1,6.4,25.3
2020-05-07,CB,16.7,6,27.3
2020-05-07,CE,19.9,18,21.8
2020-05-07,CL,16.9,3.2,30.7
2020-05-07,CM,19.1,7,30.1
2020-05-07,CN,17.8,2.9,26.5
2020-05-07,CT,18.7,6.2,28.3
2020-05-07,EX,20.3,9.4,31.1
2020-05-07,GA,17.6,6.1,30.3
2020-05-07,IB,20.1,8,30.9
2020-05-07,MC,20.4,10.8,29.8
2020-05-07,MD,17.9,4.7,28.3
2020-05-07,ML,19.5,17.7,21.3
2020-05-07,NC,18.6,7,29.2
2020-05-07,PV,18.4,7.8,28.9
2020-05-07,RI,17.9,9.5,28.7
2020-05-07,VC,19.2,7.9,27.9
2020-05-08,AN,20,8.8,30.9
2020-05-08,AR,18.1,4.6,29.7
2020-05-08,AS,16.9,8.6,26
2020-05-08,CB,19,9.8,28.4
2020-05-08,CE,19.6,16.8,22.5
2020-05-08,CL,17.6,5.7,29.4
2020-05-08,CM,19.2,4.5,30.8
2020-05-08,CN,18.3,2.9,27.1
2020-05-08,CT,18.2,6.1,28.1
2020-05-08,EX,20,8.9,30.1
2020-05-08,GA,17.1,8.4,27.1
2020-05-08,IB,20.3,12.6,28.2
2020-05-08,MC,20.1,9.2,27.8
2020-05-08,MD,18.7,6.4,29.8
2020-05-08,ML,20.1,17.7,22.4
2020-05-08,NC,20.6,11.6,29.5
2020-05-08,PV,21.3,11.9,29.8
2020-05-08,RI,18.6,8.5,28
2020-05-08,VC,18.3,6.7,27
2020-05-09,AN,18.1,9.3,28
2020-05-09,AR,17.3,3.4,27
2020-05-09,AS,14.1,6.2,21.5
2020-05-09,CB,15.9,8.3,24.9
2020-05-09,CE,19.6,16.5,22.6
2020-05-09,CL,14.4,1.5,24.3
2020-05-09,CM,17.8,7.8,27.2
2020-05-09,CN,18.7,4.1,29
2020-05-09,CT,15.9,5.5,28.1
2020-05-09,EX,16.2,6.8,25.4
2020-05-09,GA,15.1,7.3,22.3
2020-05-09,IB,20,11.5,26.5
2020-05-09,MC,19.9,10.9,26.8
2020-05-09,MD,16.2,4.7,25.4
2020-05-09,ML,20.4,17.7,23.1
2020-05-09,NC,18.5,8.9,28.3
2020-05-09,PV,18.8,8.1,27.6
2020-05-09,RI,17.6,9.4,27.5
2020-05-09,VC,19,8.9,26.8
2020-05-10,AN,15.9,5,25
2020-05-10,AR,12.9,-0.2,20.4
2020-05-10,AS,12.8,4.8,17.9
2020-05-10,CB,13.4,7.6,17.4
2020-05-10,CE,18.3,15.9,20.7
2020-05-10,CL,11.7,0,20.5
2020-05-10,CM,13.4,5.2,20.3
2020-05-10,CN,18.9,3.9,28.9
2020-05-10,CT,14.7,4.3,21.9
2020-05-10,EX,14,5.1,22.7
2020-05-10,GA,14.1,5.5,22.6
2020-05-10,IB,18.1,9.3,23.6
2020-05-10,MC,18.9,9.4,26.9
2020-05-10,MD,12.7,1,21.3
2020-05-10,ML,19.3,16,22.5
2020-05-10,NC,14,8.1,18.4
2020-05-10,PV,13.9,8.6,18.8
2020-05-10,RI,13.5,4.8,19
2020-05-10,VC,18.2,9.1,27.4
2020-05-11,AN,16.9,4.7,26.6
2020-05-11,AR,14.2,-0.1,25.6
2020-05-11,AS,13.3,3.1,20.1
2020-05-11,CB,13.8,4.3,20.7
2020-05-11,CE,20.4,16.1,24.8
2020-05-11,CL,12.3,0.9,23
2020-05-11,CM,14,2.4,22.1
2020-05-11,CN,19.3,1.8,29.3
2020-05-11,CT,15.9,3.6,27.4
2020-05-11,EX,15,6.3,21.9
2020-05-11,GA,15.1,4.1,26.2
2020-05-11,IB,19.5,10.2,25.8
2020-05-11,MC,19.5,8.6,28.2
2020-05-11,MD,13.1,2.4,21.3
2020-05-11,ML,20.4,16.1,24.8
2020-05-11,NC,14.7,7.5,24.6
2020-05-11,PV,14.5,8,20.8
2020-05-11,RI,15.1,4.5,24.6
2020-05-11,VC,18.9,7.4,29.3
2020-05-12,AN,14.7,3.8,23.5
2020-05-12,AR,12.6,0.6,23.8
2020-05-12,AS,11.5,4.8,15.5
2020-05-12,CB,11.7,6.2,18
2020-05-12,CE,16.7,13.5,19.9
2020-05-12,CL,11.7,0.9,20.5
2020-05-12,CM,11.5,2.6,21.1
2020-05-12,CN,18,0.4,28.9
2020-05-12,CT,14.9,2.8,24.4
2020-05-12,EX,13.4,5.9,20.1
2020-05-12,GA,14.6,7.8,23.3
2020-05-12,IB,19.8,8.9,28.3
2020-05-12,MC,18.1,6.2,25.4
2020-05-12,MD,11.1,2,17.8
2020-05-12,ML,18.1,15.1,21
2020-05-12,NC,13.8,6.8,21.6
2020-05-12,PV,12,5.6,18.4
2020-05-12,RI,13.2,4.1,19.9
2020-05-12,VC,17.6,7.3,25.9
2020-05-13,AN,15.4,3.5,24.7
2020-05-13,AR,12.7,-0.9,22.5
2020-05-13,AS,12.3,5.4,17.3
2020-05-13,CB,12.5,4.4,17.7
2020-05-13,CE,17.1,13.4,20.7
2020-05-13,CL,12.3,1.2,21.7
2020-05-13,CM,13.2,4.4,23.6
2020-05-13,CN,18.4,1.4,30.8
2020-05-13,CT,16.6,5.3,26.4
2020-05-13,EX,14.2,6.1,21.8
2020-05-13,GA,15,7.2,24.9
2020-05-13,IB,18.7,7.3,26.9
2020-05-13,MC,16.6,4.4,26.3
2020-05-13,MD,12.5,1.9,20.5
2020-05-13,ML,17.9,14.5,21.3
2020-05-13,NC,13.6,7.6,21.9
2020-05-13,PV,13.4,7.7,19.1
2020-05-13,RI,13.4,3.8,21.1
2020-05-13,VC,16.8,3.7,27.5
2020-05-14,AN,14,3.5,23.3
2020-05-14,AR,11.6,0.2,20
2020-05-14,AS,11.6,5.5,14.8
2020-05-14,CB,12.4,2.9,17.4
2020-05-14,CE,16.8,12.4,21.1
2020-05-14,CL,10.8,0.5,18.6
2020-05-14,CM,11,3.8,18.5
2020-05-14,CN,17.4,-1.1,28.6
2020-05-14,CT,13.9,4.2,20.3
2020-05-14,EX,12.4,4.2,19.5
2020-05-14,GA,13.2,6.1,20.3
2020-05-14,IB,16.1,5.6,21.9
2020-05-14,MC,16.3,7.3,24.3
2020-05-14,MD,10.4,0.9,16.7
2020-05-14,ML,18.5,13.7,23.2
2020-05-14,NC,12.5,5.2,21.6
2020-05-14,PV,12.6,8,15.9
2020-05-14,RI,12,3.3,17.7
2020-05-14,VC,14.7,6.4,23.4
2020-05-15,AN,15.2,4.6,24.9
2020-05-15,AR,12.6,0.3,21.3
2020-05-15,AS,10.8,2.2,16.6
2020-05-15,CB,10.7,0.3,17.1
2020-05-15,CE,16.9,14.7,19.1
2020-05-15,CL,10.4,1.8,20
2020-05-15,CM,12,4.2,20.4
2020-05-15,CN,16.9,-2.3,26.2
2020-05-15,CT,15,4.2,24.6
2020-05-15,EX,14.6,6.3,22.6
2020-05-15,GA,13.5,4.9,22.9
2020-05-15,IB,17.6,8.5,25
2020-05-15,MC,15.4,6.4,22.6
2020-05-15,MD,12,1.4,20.1
2020-05-15,ML,18,13.7,22.2
2020-05-15,NC,11.8,6.2,16.9
2020-05-15,PV,12,7.3,17.4
2020-05-15,RI,10,1,15.3
2020-05-15,VC,14.7,5.3,22.9
2020-05-16,AN,16.3,5.2,26.8
2020-05-16,AR,12.7,-0.8,22.3
2020-05-16,AS,11.8,0.8,18.4
2020-05-16,CB,11.6,-0.2,19.6
2020-05-16,CE,18.4,14.5,22.2
2020-05-16,CL,10.9,0.1,23.5
2020-05-16,CM,13.6,5,23.6
2020-05-16,CN,17.6,2.1,26.6
2020-05-16,CT,15.6,3,25.2
2020-05-16,EX,15.8,6.5,25.7
2020-05-16,GA,14.3,2.3,26
2020-05-16,IB,18.8,8.9,25.1
2020-05-16,MC,16.7,5.6,24.6
2020-05-16,MD,13.3,2.7,21.4
2020-05-16,ML,19.1,16,22.3
2020-05-16,NC,13.5,6.2,20.3
2020-05-16,PV,13.6,6.9,20.1
2020-05-16,RI,10.6,0.6,19.3
2020-05-16,VC,16.2,5.4,25.8
2020-05-17,AN,17.4,6.5,28.4
2020-05-17,AR,14.3,-0.6,25.2
2020-05-17,AS,13.1,0.9,22.7
2020-05-17,CB,12,-0.4,22.2
2020-05-17,CE,18.5,15.1,21.9
2020-05-17,CL,11.7,-2.2,27
2020-05-17,CM,15,2,26.7
2020-05-17,CN,17.2,4,25.2
2020-05-17,CT,16.7,3.6,27.4
2020-05-17,EX,17.3,6.3,26.9
2020-05-17,GA,15.9,2.8,29.6
2020-05-17,IB,18.4,9,25.1
2020-05-17,MC,17.5,9.2,24.1
2020-05-17,MD,13.9,1.4,24.9
2020-05-17,ML,17.7,14,21.4
2020-05-17,NC,14.1,6,23.2
2020-05-17,PV,13.3,2.8,21.4
2020-05-17,RI,12.7,1.4,22.7
2020-05-17,VC,17.2,5.2,25.2
2020-05-18,AN,19.1,6.2,31
2020-05-18,AR,15.3,1.7,27.8
2020-05-18,AS,15,4.5,25.4
2020-05-18,CB,13.7,0.2,24.8
2020-05-18,CE,18.9,14.9,22.9
2020-05-18,CL,14,-0.7,30
2020-05-18,CM,16.8,2.3,29.2
2020-05-18,CN,17.9,4.3,27
2020-05-18,CT,16.9,1.9,29.7
2020-05-18,EX,19.2,8,30.2
2020-05-18,GA,17,4.5,30.2
2020-05-18,IB,18.9,8.8,26.8
2020-05-18,MC,19.9,8.1,30.9
2020-05-18,MD,16.7,1.1,29.2
2020-05-18,ML,19.2,14.7,23.6
2020-05-18,NC,14.7,4.6,25.2
2020-05-18,PV,14.1,2.5,23.5
2020-05-18,RI,14.4,2.8,24.9
2020-05-18,VC,18.7,3.8,29.3
2020-05-19,AN,21.6,8.7,34
2020-05-19,AR,17.1,3.6,30.1
2020-05-19,AS,16.9,8.2,27.2
2020-05-19,CB,15.5,3.1,26.6
2020-05-19,CE,21.1,17,25.1
2020-05-19,CL,16,1.8,31
2020-05-19,CM,18.7,3.7,31.4
2020-05-19,CN,19,3.9,29.1
2020-05-19,CT,19.1,3.9,32.3
2020-05-19,EX,21.5,9.7,32.4
2020-05-19,GA,18,3.5,32.6
2020-05-19,IB,20,8.8,29.8
2020-05-19,MC,21.8,9.9,33.2
2020-05-19,MD,18.3,3,31.1
2020-05-19,ML,21.1,16.1,26.1
2020-05-19,NC,16.7,6.2,27.6
2020-05-19,PV,15.9,4.4,26.4
2020-05-19,RI,16.5,5.7,27.4
2020-05-19,VC,20.4,6.2,32.3
2020-05-20,AN,22.9,9.8,35.5
2020-05-20,AR,18.8,4,31.3
2020-05-20,AS,17.5,8.8,28.7
2020-05-20,CB,17.5,3.7,31.1
2020-05-20,CE,23.2,18.1,28.2
2020-05-20,CL,17.4,0.8,31.5
2020-05-20,CM,20.3,3.5,33.1
2020-05-20,CN,19.8,5.7,30.1
2020-05-20,CT,19.9,4.2,32.3
2020-05-20,EX,22.4,11.3,33
2020-05-20,GA,18.2,7.4,31.9
2020-05-20,IB,20.8,8.6,30.2
2020-05-20,MC,23.4,10.8,34.6
2020-05-20,MD,19.9,4,32.5
2020-05-20,ML,22.9,17.7,28.1
2020-05-20,NC,18.6,5.5,31.1
2020-05-20,PV,17.9,4.6,29.6
2020-05-20,RI,18.4,6.2,30.4
2020-05-20,VC,21.7,7.2,32.7
2020-05-21,AN,23.5,11,36.3
2020-05-21,AR,20.1,5.4,33.2
2020-05-21,AS,18,9,30.3
2020-05-21,CB,18.1,4.6,30.5
2020-05-21,CE,25.4,21,29.8
2020-05-21,CL,18.7,2.3,32.8
2020-05-21,CM,21.3,6.2,34.9
2020-05-21,CN,19.3,7.2,29.2
2020-05-21,CT,20.9,4.9,32.6
2020-05-21,EX,22.6,11.4,33.8
2020-05-21,GA,18.6,8.3,33
2020-05-21,IB,21.2,8.1,32.3
2020-05-21,MC,23.2,12.1,32.9
2020-05-21,MD,20.5,4.9,32.6
2020-05-21,ML,25.8,19.7,31.8
2020-05-21,NC,20,7,32.5
2020-05-21,PV,19.1,5.8,31.8
2020-05-21,RI,19.6,6.9,32.3
2020-05-21,VC,22.1,8.6,33.1
2020-05-22,AN,24.4,11.7,37.3
2020-05-22,AR,21.7,7.8,35.4
2020-05-22,AS,17.9,9.1,26
2020-05-22,CB,17.3,7.5,30.1
2020-05-22,CE,21.7,17.6,25.8
2020-05-22,CL,19.7,5.3,32.6
2020-05-22,CM,22.7,7,36.4
2020-05-22,CN,20.2,7.8,32.7
2020-05-22,CT,21.5,7.6,34.2
2020-05-22,EX,22.9,9.2,34.6
2020-05-22,GA,17.4,6.7,30
2020-05-22,IB,21.8,9.2,32
2020-05-22,MC,24.1,13.2,34.6
2020-05-22,MD,21.7,7.2,33.7
2020-05-22,ML,24.1,19.5,28.8
2020-05-22,NC,20.9,8.1,34
2020-05-22,PV,19.2,10.1,31.1
2020-05-22,RI,21.2,10.5,32.9
2020-05-22,VC,22.9,8.7,33.9
2020-05-23,AN,25.3,11.9,38
2020-05-23,AR,20.1,8,31.8
2020-05-23,AS,13.8,5.8,19.7
2020-05-23,CB,13.6,5,19.1
2020-05-23,CE,21.7,19.2,24.2
2020-05-23,CL,17.3,5.7,34.4
2020-05-23,CM,23.4,9.3,35.8
2020-05-23,CN,23.1,11.4,36.6
2020-05-23,CT,20.7,8.1,31.3
2020-05-23,EX,24,11.7,35.2
2020-05-23,GA,16.7,8,28
2020-05-23,IB,21.4,8.3,31.9
2020-05-23,MC,23.4,11.5,33.7
2020-05-23,MD,22.6,10.3,35
2020-05-23,ML,22.5,19.6,25.4
2020-05-23,NC,16,8.6,24.9
2020-05-23,PV,13.7,6.4,19.4
2020-05-23,RI,14.9,5.5,23.2
2020-05-23,VC,22.5,10.1,33.5
2020-05-24,AN,24.3,11.9,37.5
2020-05-24,AR,17.8,6.5,27.8
2020-05-24,AS,15.3,4.8,23.5
2020-05-24,CB,13.7,3.4,22.5
2020-05-24,CE,21.4,19,23.9
2020-05-24,CL,17.1,4,34.1
2020-05-24,CM,22.3,9.2,36.1
2020-05-24,CN,24.1,11.1,34.8
2020-05-24,CT,19.7,9,28.1
2020-05-24,EX,24.7,13.1,37.3
2020-05-24,GA,18.4,4.4,33.3
2020-05-24,IB,20.2,9.9,27.5
2020-05-24,MC,21.7,11.7,29.6
2020-05-24,MD,22,9.6,33.4
2020-05-24,ML,21.7,19.2,24.1
2020-05-24,NC,16.1,5.5,28.7
2020-05-24,PV,14.2,5.9,25
2020-05-24,RI,15.6,4.7,26.2
2020-05-24,VC,20.3,10.6,27.4
2020-05-25,AN,23.1,10.4,36.8
2020-05-25,AR,18.6,7,26.7
2020-05-25,AS,16.3,7,23.5
2020-05-25,CB,15.4,5.4,25.2
2020-05-25,CE,20.9,18.6,23.1
2020-05-25,CL,18.2,5.5,31.8
2020-05-25,CM,20.6,10.3,36.7
2020-05-25,CN,23.5,10.6,34.3
2020-05-25,CT,19.6,9.6,28.6
2020-05-25,EX,25.1,13.5,35.5
2020-05-25,GA,18.6,7.2,32
2020-05-25,IB,19.8,10.8,28.8
2020-05-25,MC,20.5,9,28.8
2020-05-25,MD,21.3,10.3,32.1
2020-05-25,ML,21.7,19.9,23.5
2020-05-25,NC,17.9,9.7,27.5
2020-05-25,PV,16.3,6.2,24.2
2020-05-25,RI,16.8,8,25.7
2020-05-25,VC,18.8,9.9,27.9
2020-05-26,AN,22.8,10.2,35.8
2020-05-26,AR,19.4,6.1,30.3
2020-05-26,AS,15.7,4.1,24.4
2020-05-26,CB,15.2,4.5,26.2
2020-05-26,CE,20.9,18.7,23.1
2020-05-26,CL,17.7,3,29.8
2020-05-26,CM,20.2,10.1,31
2020-05-26,CN,23.4,10.1,36.8
2020-05-26,CT,19.9,5.9,31.7
2020-05-26,EX,23.8,12.7,34.2
2020-05-26,GA,19.9,7.2,33.4
2020-05-26,IB,20.8,10.5,29.6
2020-05-26,MC,21.2,10.8,30
2020-05-26,MD,19.4,7.8,28.6
2020-05-26,ML,20.9,19.6,22.2
2020-05-26,NC,18.3,8,29.4
2020-05-26,PV,16.9,6.1,25.5
2020-05-26,RI,18.2,7.3,28.9
2020-05-26,VC,19.9,9.4,29.1
2020-05-27,AN,22.7,10.4,34.7
2020-05-27,AR,19.5,5.8,30.2
2020-05-27,AS,17.7,7.8,28.4
2020-05-27,CB,17,4.5,28.6
2020-05-27,CE,20.6,18.7,22.5
2020-05-27,CL,19.4,4.1,32.1
2020-05-27,CM,20.2,7.4,33.5
2020-05-27,CN,22.4,8.5,32.5
2020-05-27,CT,19.9,6.1,31.3
2020-05-27,EX,24.1,11.6,34.4
2020-05-27,GA,22.2,9.4,34.6
2020-05-27,IB,19.9,10.4,28.5
2020-05-27,MC,21.3,9.1,29.5
2020-05-27,MD,20.8,9.1,31.8
2020-05-27,ML,20.4,19.3,21.6
2020-05-27,NC,19.6,8.6,31.7
2020-05-27,PV,18.4,6.5,31.4
2020-05-27,RI,19.3,9.3,31.5
2020-05-27,VC,19.8,7.7,29.3
2020-05-28,AN,22.7,9.1,35.2
2020-05-28,AR,19,5.4,31.8
2020-05-28,AS,21,11.9,32.6
2020-05-28,CB,20.9,9,34.5
2020-05-28,CE,20.1,18.3,22
2020-05-28,CL,20.2,3.5,33.4
2020-05-28,CM,19.6,5.5,31.7
2020-05-28,CN,21.7,8.9,31.5
2020-05-28,CT,19.2,7.3,29.4
2020-05-28,EX,23.5,11.5,33.8
2020-05-28,GA,23.6,11.2,37.1
2020-05-28,IB,20.4,7.6,29
2020-05-28,MC,20.6,9.8,28.7
2020-05-28,MD,20.1,7.3,31.2
2020-05-28,ML,20.3,19.4,21.1
2020-05-28,NC,20.8,9.7,31.7
2020-05-28,PV,22.1,8.1,32.8
2020-05-28,RI,20.1,10.1,31.4
2020-05-28,VC,19.6,6.5,27.9
2020-05-29,AN,22.8,8,36
2020-05-29,AR,19.8,4.5,32.8
2020-05-29,AS,19.9,9.7,30.2
2020-05-29,CB,19.2,6.8,30.3
2020-05-29,CE,20.2,17.7,22.7
2020-05-29,CL,20.1,3.2,33.5
2020-05-29,CM,20.3,5,33.8
2020-05-29,CN,20.5,8.7,29.8
2020-05-29,CT,19.5,6.8,31.7
2020-05-29,EX,24.3,11.6,35.6
2020-05-29,GA,22.7,11.2,35.4
2020-05-29,IB,19.2,8.2,29.4
2020-05-29,MC,20.4,7.2,29.5
2020-05-29,MD,20.9,4.9,33.1
2020-05-29,ML,20.1,18.8,21.4
2020-05-29,NC,20.1,8,32
2020-05-29,PV,20.4,7.1,30.1
2020-05-29,RI,19.4,8.7,31.8
2020-05-29,VC,20,5,30.9
2020-05-30,AN,22.6,10,36.3
2020-05-30,AR,19.5,5.3,32.4
2020-05-30,AS,19,8.8,30.5
2020-05-30,CB,18.5,4.1,31.2
2020-05-30,CE,19.9,17.5,22.2
2020-05-30,CL,20.1,5.6,34
2020-05-30,CM,21.6,5.9,36.1
2020-05-30,CN,19.8,7.8,27.6
2020-05-30,CT,18.6,6.1,28.5
2020-05-30,EX,24.9,12.5,35.4
2020-05-30,GA,20.5,7.5,34.6
2020-05-30,IB,19.3,7.6,27.7
2020-05-30,MC,20,7.3,29.5
2020-05-30,MD,22.2,6.7,34.2
2020-05-30,ML,20.6,18.3,22.9
2020-05-30,NC,19.9,7.9,31.3
2020-05-30,PV,20.1,6.3,31.9
2020-05-30,RI,19.2,8.6,32
2020-05-30,VC,19.6,7.2,30.5
2020-05-31,AN,21.3,9.3,32.5
2020-05-31,AR,19.9,4.4,31.4
2020-05-31,AS,18.5,10.3,25.1
2020-05-31,CB,19.3,10.2,28.6
2020-05-31,CE,19.6,16.7,22.4
2020-05-31,CL,19.4,5.4,32.1
2020-05-31,CM,21.6,7.2,34.2
2020-05-31,CN,19.6,4.6,28.2
2020-05-31,CT,19.2,7.6,29.8
2020-05-31,EX,24.1,14.4,34.2
2020-05-31,GA,19.9,10.9,30.6
2020-05-31,IB,20,8.2,28.7
2020-05-31,MC,20.1,6.9,30
2020-05-31,MD,21.3,8.1,33.1
2020-05-31,ML,21.3,19.1,23.4
2020-05-31,NC,20.8,8.6,30.7
2020-05-31,PV,21.3,10.7,30.1
2020-05-31,RI,19.2,10.4,27.8
2020-05-31,VC,20,6.8,32
2020-06-01,AN,20.8,9.4,32.7
2020-06-01,AR,18.8,4.4,30.7
2020-06-01,AS,18.5,8.1,27.3
2020-06-01,CB,19.2,10.9,28.8
2020-06-01,CE,20.1,17.3,23
2020-06-01,CL,18.6,5.3,31.6
2020-06-01,CM,21.2,6,33.3
2020-06-01,CN,19.4,4.4,28.9
2020-06-01,CT,18.9,6.8,28.3
2020-06-01,EX,20.9,10.3,31
2020-06-01,GA,20.1,10.1,31.6
2020-06-01,IB,20.9,8.6,29.8
2020-06-01,MC,21.9,8.1,32.3
2020-06-01,MD,19.4,7.2,30.4
2020-06-01,ML,20.7,17.6,23.8
2020-06-01,NC,20.6,10,30
2020-06-01,PV,21.5,11.8,29.7
2020-06-01,RI,20.5,10.5,31.4
2020-06-01,VC,21.5,10.3,31.2
2020-06-02,AN,21,11.1,33
2020-06-02,AR,19.8,5.1,31.2
2020-06-02,AS,18.6,10.1,26.9
2020-06-02,CB,18.4,9.7,28.4
2020-06-02,CE,20.5,17.6,23.4
2020-06-02,CL,19.9,4.9,31.3
2020-06-02,CM,21.6,6.8,33.5
2020-06-02,CN,19.5,5.9,28.8
2020-06-02,CT,19.3,6.7,29.9
2020-06-02,EX,21.4,9.2,31.1
2020-06-02,GA,20.9,11.5,32.7
2020-06-02,IB,20.8,8.9,29.5
2020-06-02,MC,21.6,8.6,31.6
2020-06-02,MD,21,8.6,31.8
2020-06-02,ML,21.1,17.5,24.8
2020-06-02,NC,20.4,9.7,29.3
2020-06-02,PV,20.1,9.5,29.5
2020-06-02,RI,19.7,12.2,28.2
2020-06-02,VC,21.4,8.7,33.4
2020-06-03,AN,21.7,10.8,34.1
2020-06-03,AR,18.6,4.4,30.9
2020-06-03,AS,17.2,6.6,25
2020-06-03,CB,17.7,6.2,23.8
2020-06-03,CE,21.9,17.5,26.4
2020-06-03,CL,18.2,3.9,29
2020-06-03,CM,20.5,7.3,32.2
2020-06-03,CN,20.5,5.9,30.6
2020-06-03,CT,19.7,8.9,29.3
2020-06-03,EX,21,10,30.3
2020-06-03,GA,18.2,9.5,27.9
2020-06-03,IB,21,10,30.4
2020-06-03,MC,22.6,10.4,34.3
2020-06-03,MD,19.5,7.3,30.2
2020-06-03,ML,22.3,17.7,26.9
2020-06-03,NC,17.5,10.7,25.9
2020-06-03,PV,18.3,12.4,24.4
2020-06-03,RI,18.9,11.4,24.8
2020-06-03,VC,22.4,9,36.8
2020-06-04,AN,20.5,9.6,30.4
2020-06-04,AR,14.8,0.1,23.7
2020-06-04,AS,13,4,19.5
2020-06-04,CB,13.4,3.7,19.9
2020-06-04,CE,22.4,19.4,25.4
2020-06-04,CL,14.1,4.3,26.6
2020-06-04,CM,17.1,7.9,27.4
2020-06-04,CN,20.6,5.2,31.2
2020-06-04,CT,16.1,5.2,26.7
2020-06-04,EX,19.8,10.7,28
2020-06-04,GA,15.2,6.7,25.6
2020-06-04,IB,21.5,10.1,29.7
2020-06-04,MC,23.1,13.3,35.6
2020-06-04,MD,16.9,4.7,26
2020-06-04,ML,22.9,19.5,26.3
2020-06-04,NC,13.7,7.7,21.1
2020-06-04,PV,14.4,7.5,19.7
2020-06-04,RI,14.6,7.3,20.9
2020-06-04,VC,20.2,8.5,31.7
2020-06-05,AN,21.5,8.2,32.3
2020-06-05,AR,16.1,0.2,27.4
2020-06-05,AS,14.3,0.9,24.5
2020-06-05,CB,14.3,1.9,24.3
2020-06-05,CE,22.5,19,26
2020-06-05,CL,15.2,0.8,29.3
2020-06-05,CM,18,4.5,30.5
2020-06-05,CN,20.7,5.9,31.8
2020-06-05,CT,17,3,30.4
2020-06-05,EX,19.6,6.9,30.5
2020-06-05,GA,15.4,2.5,29.6
2020-06-05,IB,20.3,9.5,29.2
2020-06-05,MC,22.1,9.9,32.7
2020-06-05,MD,17.4,3.1,30.6
2020-06-05,ML,23,19.3,26.8
2020-06-05,NC,15.4,7.3,26.1
2020-06-05,PV,16.2,8.9,24.8
2020-06-05,RI,17.8,7.7,26.6
2020-06-05,VC,20.9,5.8,33.4
2020-06-06,AN,21.7,8.7,34.2
2020-06-06,AR,18.1,3.3,30.9
2020-06-06,AS,14.7,5.5,21.5
2020-06-06,CB,15.1,5.5,21.4
2020-06-06,CE,22.2,18.7,25.6
2020-06-06,CL,16.7,2.5,28.1
2020-06-06,CM,19.7,6.7,31.7
2020-06-06,CN,20.9,4.1,30.8
2020-06-06,CT,18.5,7.3,30.3
2020-06-06,EX,19.7,9.2,29.9
2020-06-06,GA,15.9,6.8,27.3
2020-06-06,IB,20.7,8.5,30.9
2020-06-06,MC,23.9,12,33.9
2020-06-06,MD,19,7.4,29.3
2020-06-06,ML,23.8,20.4,27.1
2020-06-06,NC,16.7,5.6,27.6
2020-06-06,PV,16.3,9.5,24.7
2020-06-06,RI,17.1,10,25.6
2020-06-06,VC,22.6,8.1,35.8
2020-06-07,AN,20.7,10.2,31.1
2020-06-07,AR,14.9,0.5,26.1
2020-06-07,AS,11.5,1.6,18.4
2020-06-07,CB,11.7,1,18.7
2020-06-07,CE,21.1,18.1,24.1
2020-06-07,CL,12.8,2,26
2020-06-07,CM,18.8,7.4,27.4
2020-06-07,CN,20.4,7.2,29.7
2020-06-07,CT,16.4,4.1,29.2
2020-06-07,EX,17.9,9.5,27
2020-06-07,GA,14.5,4.4,24.4
2020-06-07,IB,21.7,11.7,30.2
2020-06-07,MC,24,11.6,31.9
2020-06-07,MD,17,5.5,27.1
2020-06-07,ML,22.8,20.2,25.4
2020-06-07,NC,12.1,6.2,18.4
2020-06-07,PV,12.8,7.1,19.9
2020-06-07,RI,11.6,6.2,17
2020-06-07,VC,22.3,6.9,33.3
2020-06-08,AN,19.5,5.6,29.7
2020-06-08,AR,13.3,-1,25.4
2020-06-08,AS,11.5,0.1,19.5
2020-06-08,CB,11.7,1,19.3
2020-06-08,CE,19.6,17.9,21.3
2020-06-08,CL,11.3,0.1,26.6
2020-06-08,CM,16.4,4.1,27.4
2020-06-08,CN,20.2,2.9,30.5
2020-06-08,CT,15,3,26.5
2020-06-08,EX,17.1,6.2,29.1
2020-06-08,GA,13.8,2.5,25.2
2020-06-08,IB,17.5,8.7,25
2020-06-08,MC,20.1,11.1,29.8
2020-06-08,MD,14.7,2.1,25.3
2020-06-08,ML,21.8,19.4,24.2
2020-06-08,NC,12.7,4.5,20.5
2020-06-08,PV,12.8,6.9,19.1
2020-06-08,RI,11.7,4.7,19.6
2020-06-08,VC,17.6,4.3,24.8
2020-06-09,AN,19.7,6.5,32.2
2020-06-09,AR,13.7,-0.5,25.5
2020-06-09,AS,12.9,0.8,19.6
2020-06-09,CB,13,1.4,19.9
2020-06-09,CE,21.3,17.5,25.1
2020-06-09,CL,11.7,-1.3,27.7
2020-06-09,CM,16.1,2.7,28.8
2020-06-09,CN,20.1,6.6,29.8
2020-06-09,CT,15.1,2.8,27
2020-06-09,EX,19.4,5.7,31.3
2020-06-09,GA,14.1,1.7,26.5
2020-06-09,IB,17.7,7.4,26.1
2020-06-09,MC,19.9,7.5,27.9
2020-06-09,MD,14.3,1,26.4
2020-06-09,ML,21.7,18,25.4
2020-06-09,NC,12.9,6.4,20.2
2020-06-09,PV,13.6,5.8,20.5
2020-06-09,RI,11.9,4.5,19.8
2020-06-09,VC,18.5,5.1,28.2
2020-06-10,AN,20.7,8.2,32.9
2020-06-10,AR,14.4,0,26.7
2020-06-10,AS,13.8,3,20.7
2020-06-10,CB,12.4,1.9,20.2
2020-06-10,CE,22.9,19.1,26.8
2020-06-10,CL,13.6,-0.4,28.9
2020-06-10,CM,17.3,3.3,30.4
2020-06-10,CN,19.6,7.9,28.3
2020-06-10,CT,15.5,3,26.9
2020-06-10,EX,20.1,7.4,30.6
2020-06-10,GA,15.1,2.6,29.6
2020-06-10,IB,18.2,6.3,26.8
2020-06-10,MC,20.7,9.1,30
2020-06-10,MD,16.4,1.9,28.2
2020-06-10,ML,22.3,16.6,28
2020-06-10,NC,14.2,5.4,22.3
2020-06-10,PV,14.6,8,20.8
2020-06-10,RI,13.9,3.9,22.3
2020-06-10,VC,18.9,4.7,29
2020-06-11,AN,19.4,7.6,32.8
2020-06-11,AR,16,0.2,27.4
2020-06-11,AS,11.7,1,19.1
2020-06-11,CB,12.7,2.2,20.4
2020-06-11,CE,20.1,17.8,22.5
2020-06-11,CL,13.5,1.6,25.5
2020-06-11,CM,18.3,6.8,28.6
2020-06-11,CN,19.5,8.2,27.5
2020-06-11,CT,16.6,4.3,26.3
2020-06-11,EX,17.2,7.4,26.8
2020-06-11,GA,13.4,5.1,21.7
2020-06-11,IB,21,11,28.2
2020-06-11,MC,22.5,10.9,33.1
2020-06-11,MD,16.8,3.4,26.3
2020-06-11,ML,21.9,19.1,24.6
2020-06-11,NC,14.5,6.3,25.6
2020-06-11,PV,14.3,6.2,21.8
2020-06-11,RI,15.1,7.2,23.6
2020-06-11,VC,22.1,9.7,34.5
2020-06-12,AN,18.5,7,28.2
2020-06-12,AR,14.6,-0.2,26.5
2020-06-12,AS,12.3,1.8,19.7
2020-06-12,CB,12.5,1.7,20.2
2020-06-12,CE,18.4,16.5,20.2
2020-06-12,CL,11,0.6,21.9
2020-06-12,CM,15.1,5.7,24.5
2020-06-12,CN,19.5,7.1,27.4
2020-06-12,CT,18.4,6.7,28.8
2020-06-12,EX,15,4.7,23.9
2020-06-12,GA,13,4.8,19.3
2020-06-12,IB,22.2,10.3,28.9
2020-06-12,MC,22.2,11.8,31
2020-06-12,MD,12.7,0.1,22.4
2020-06-12,ML,21.6,17.9,25.3
2020-06-12,NC,12.6,4.2,21.8
2020-06-12,PV,13.5,4.5,23.1
2020-06-12,RI,11.6,1.8,22.1
2020-06-12,VC,21.7,8.9,30.9
2020-06-13,AN,18.5,6.1,29.4
2020-06-13,AR,15.4,0.1,27.4
2020-06-13,AS,14.2,4,21.8
2020-06-13,CB,14.3,3.6,21.5
2020-06-13,CE,20.7,17.3,24.1
2020-06-13,CL,12.8,2.9,25.1
2020-06-13,CM,16.2,4.1,27.1
2020-06-13,CN,19.7,7.4,29.7
2020-06-13,CT,17.6,4.5,29.2
2020-06-13,EX,16,5.4,26.4
2020-06-13,GA,14,6.1,20.9
2020-06-13,IB,21.6,9.5,28.8
2020-06-13,MC,21.3,9.7,31.3
2020-06-13,MD,14.8,1.9,24.9
2020-06-13,ML,21.6,18.9,24.4
2020-06-13,NC,15.5,6.3,24.9
2020-06-13,PV,15.4,7.8,22.7
2020-06-13,RI,14.5,3.7,23.7
2020-06-13,VC,21.2,5.9,31.4
2020-06-14,AN,20.4,7.5,32.5
2020-06-14,AR,16.6,2,29.8
2020-06-14,AS,14,2.4,21.8
2020-06-14,CB,14.7,2,22.1
2020-06-14,CE,20.7,17.8,23.6
2020-06-14,CL,13.3,0.5,27.3
2020-06-14,CM,18.2,5.3,29.9
2020-06-14,CN,20.6,9.5,28.9
2020-06-14,CT,17.5,4,29
2020-06-14,EX,18.3,6.9,28.2
2020-06-14,GA,14,4,20.6
2020-06-14,IB,20.1,7.6,28.4
2020-06-14,MC,22.3,10.7,32.7
2020-06-14,MD,16.8,4.2,27.6
2020-06-14,ML,22.6,19.4,25.9
2020-06-14,NC,16.9,7.1,27
2020-06-14,PV,16.5,8.1,23.7
2020-06-14,RI,15.6,6.7,24.9
2020-06-14,VC,21,6.2,32.3
2020-06-15,AN,20.9,7.7,35
2020-06-15,AR,18,3.4,30.2
2020-06-15,AS,14.4,2.7,22.3
2020-06-15,CB,15.7,5.2,22.6
2020-06-15,CE,22,18.3,25.7
2020-06-15,CL,14.6,2.1,28.2
2020-06-15,CM,19.4,5.6,32.5
2020-06-15,CN,22.8,9.3,34.9
2020-06-15,CT,19.2,5.8,30.1
2020-06-15,EX,19,6.7,29.3
2020-06-15,GA,15.1,7.2,21.4
2020-06-15,IB,21,9.4,29.4
2020-06-15,MC,23.5,11,34.5
2020-06-15,MD,18.4,5.7,29
2020-06-15,ML,23.3,19.4,27.1
2020-06-15,NC,16.6,8.1,26.8
2020-06-15,PV,16.7,9,23.5
2020-06-15,RI,15.7,7.5,24.9
2020-06-15,VC,21.8,7.3,34.2
2020-06-16,AN,22,11.3,34.4
2020-06-16,AR,16.2,2.4,26
2020-06-16,AS,13.9,5.6,19.4
2020-06-16,CB,14.3,4.8,21.2
2020-06-16,CE,21.9,19.1,24.8
2020-06-16,CL,15.1,5,29.5
2020-06-16,CM,19.7,8.7,30.3
2020-06-16,CN,23.7,8.3,32.2
2020-06-16,CT,16.7,4.7,23.6
2020-06-16,EX,19.9,10.6,29.3
2020-06-16,GA,15.2,8.1,23.6
2020-06-16,IB,21.6,11.3,29.9
2020-06-16,MC,24.1,13.9,33.9
2020-06-16,MD,18.2,4.9,27.9
2020-06-16,ML,23.9,19.7,28.1
2020-06-16,NC,16.7,8.7,26.1
2020-06-16,PV,16.5,10,22.6
2020-06-16,RI,16.2,5.6,24.1
2020-06-16,VC,21.4,9,32.1
2020-06-17,AN,22.1,10,33.6
2020-06-17,AR,15.5,1.5,26.4
2020-06-17,AS,13.7,4,19.9
2020-06-17,CB,14.2,4,20.2
2020-06-17,CE,23,19.6,26.4
2020-06-17,CL,14.2,1.6,28.1
2020-06-17,CM,18.7,8,30
2020-06-17,CN,22.1,6.7,30.2
2020-06-17,CT,17,4.1,26.7
2020-06-17,EX,18.5,7.8,28.3
2020-06-17,GA,14.4,6.3,24.1
2020-06-17,IB,21,10.1,29.1
2020-06-17,MC,22.6,12.3,31.1
2020-06-17,MD,17.4,3.8,28.3
2020-06-17,ML,24.5,20.8,28.3
2020-06-17,NC,15.4,7.3,23.8
2020-06-17,PV,15.2,6,21.8
2020-06-17,RI,14.8,4,23
2020-06-17,VC,20.4,8,29.9
2020-06-18,AN,21.6,7.5,33.9
2020-06-18,AR,16.7,0.9,27.3
2020-06-18,AS,14.4,2.7,21.3
2020-06-18,CB,14.4,2.6,20.8
2020-06-18,CE,24.4,20.5,28.2
2020-06-18,CL,15.4,2.1,30.3
2020-06-18,CM,20.3,6,32.7
2020-06-18,CN,20.8,4.9,30
2020-06-18,CT,17.2,5.8,26.5
2020-06-18,EX,20.4,7.7,31.2
2020-06-18,GA,14.8,4.5,26.7
2020-06-18,IB,22,12.4,29
2020-06-18,MC,23.1,11,31.6
2020-06-18,MD,19,5.4,30.5
2020-06-18,ML,25.9,22.2,29.6
2020-06-18,NC,15.6,5.6,26.3
2020-06-18,PV,15.7,8.2,21.9
2020-06-18,RI,15.4,4.7,24.5
2020-06-18,VC,21,10,28.9
2020-06-19,AN,21.8,8.6,34.2
2020-06-19,AR,18.9,3.5,30.5
2020-06-19,AS,15,2.8,23.1
2020-06-19,CB,15,4.2,24.7
2020-06-19,CE,23.6,18.6,28.5
2020-06-19,CL,16.6,0.9,31.4
2020-06-19,CM,21.7,8.4,33.1
2020-06-19,CN,20.9,6.2,30.5
2020-06-19,CT,18.6,7,27.6
2020-06-19,EX,21.3,8.5,32.5
2020-06-19,GA,15.6,3.8,28.7
2020-06-19,IB,22.1,12,29.1
2020-06-19,MC,23.7,13.7,31.1
2020-06-19,MD,20.6,5.3,32.1
2020-06-19,ML,23.3,19.8,26.8
2020-06-19,NC,17.2,4.8,30.3
2020-06-19,PV,15.8,5.3,27.4
2020-06-19,RI,17.5,7.3,28.1
2020-06-19,VC,22.1,11.4,30.3
2020-06-20,AN,23.5,8.3,37.3
2020-06-20,AR,20.7,5.6,32.8
2020-06-20,AS,16.8,6.1,25.1
2020-06-20,CB,16.5,4.8,28.8
2020-06-20,CE,21,17.1,24.9
2020-06-20,CL,18.4,3,33.6
2020-06-20,CM,22.6,7.9,37.1
2020-06-20,CN,21.1,6.5,29.8
2020-06-20,CT,20.1,7.7,30.5
2020-06-20,EX,23.1,8.2,34.8
2020-06-20,GA,17.3,3.7,30.2
2020-06-20,IB,22,11.3,29.3
2020-06-20,MC,23.8,12,34.2
2020-06-20,MD,21.8,6.9,33.8
2020-06-20,ML,22.3,18.4,26.1
2020-06-20,NC,19.3,7.5,31.5
2020-06-20,PV,17.7,5.1,28.9
2020-06-20,RI,19.5,7.7,30.6
2020-06-20,VC,22.6,9.6,34.2
2020-06-21,AN,25.5,9.6,39.1
2020-06-21,AR,21.6,6.6,34.5
2020-06-21,AS,17.7,6.8,25.8
2020-06-21,CB,17.4,6.7,26.7
2020-06-21,CE,24.8,19.9,29.8
2020-06-21,CL,19.1,3.6,35.5
2020-06-21,CM,24,8.5,37.6
2020-06-21,CN,21.7,12.7,30.7
2020-06-21,CT,21.7,7.3,34.3
2020-06-21,EX,24.1,9.6,37
2020-06-21,GA,18.4,6.7,30.4
2020-06-21,IB,22.9,12.4,31.6
2020-06-21,MC,25.5,13.5,37.4
2020-06-21,MD,23.2,7.5,36.8
2020-06-21,ML,23.9,19.1,28.8
2020-06-21,NC,19.2,7,31.1
2020-06-21,PV,18.2,7.7,27.2
2020-06-21,RI,19.7,9.5,30.6
2020-06-21,VC,23.4,10.1,35.4
2020-06-22,AN,27.1,11.5,41.5
2020-06-22,AR,21.8,9.1,34.1
2020-06-22,AS,19.2,7.5,29.7
2020-06-22,CB,19.4,8.4,30
2020-06-22,CE,23.5,20.9,26.1
2020-06-22,CL,21.3,4.6,39.1
2020-06-22,CM,25.3,9.9,40.6
2020-06-22,CN,22,11.7,31.6
2020-06-22,CT,22.1,8.1,33.6
2020-06-22,EX,27.6,12.1,40.3
2020-06-22,GA,20.9,8.1,38.2
2020-06-22,IB,23.2,11.8,31.5
2020-06-22,MC,24.6,13.4,33.6
2020-06-22,MD,24.8,6.8,38
2020-06-22,ML,23.2,20.4,26
2020-06-22,NC,20.4,9.6,31.5
2020-06-22,PV,20,10.7,29.2
2020-06-22,RI,20.8,8.4,31.3
2020-06-22,VC,24,12,33.9
2020-06-23,AN,27.4,13,42
2020-06-23,AR,22.9,9.8,36.5
2020-06-23,AS,21.5,10.9,33.7
2020-06-23,CB,20.8,8,34.5
2020-06-23,CE,22.9,20.6,25.2
2020-06-23,CL,23.2,6.5,40
2020-06-23,CM,25.9,10.6,41.1
2020-06-23,CN,21.7,11.5,31.1
2020-06-23,CT,22.5,9,33.3
2020-06-23,EX,29.1,13.7,40.4
2020-06-23,GA,22.9,11.5,39.2
2020-06-23,IB,23.1,10.8,31.4
2020-06-23,MC,24,11.1,32.8
2020-06-23,MD,26.8,9.3,39
2020-06-23,ML,23.8,21.3,26.4
2020-06-23,NC,22.3,8,35.7
2020-06-23,PV,21.9,8.1,35.6
2020-06-23,RI,22.1,9.8,35.2
2020-06-23,VC,23.4,11.9,34.5
2020-06-24,AN,26.3,14.4,40.4
2020-06-24,AR,23.5,7.4,35.3
2020-06-24,AS,20.5,11.2,31.1
2020-06-24,CB,21.2,11.3,33.7
2020-06-24,CE,22.9,20.1,25.6
2020-06-24,CL,22.9,10.4,35.9
2020-06-24,CM,25.3,11.3,39.9
2020-06-24,CN,21.3,7.6,30
2020-06-24,CT,22.6,10.8,33.8
2020-06-24,EX,27.9,16.6,39.2
2020-06-24,GA,20.3,11.5,35.6
2020-06-24,IB,23.8,10.8,33.3
2020-06-24,MC,24.5,13.9,33.3
2020-06-24,MD,25.2,12,34.9
2020-06-24,ML,23.1,21.8,24.5
2020-06-24,NC,24.9,10.7,36
2020-06-24,PV,24.2,13.8,36.6
2020-06-24,RI,25.3,12.8,35
2020-06-24,VC,23.3,12.2,33.6
2020-06-25,AN,24.7,13.2,37.2
2020-06-25,AR,22.8,6.4,36.5
2020-06-25,AS,17.4,10,25
2020-06-25,CB,18.5,11.3,24.9
2020-06-25,CE,24.4,20.3,28.6
2020-06-25,CL,21.5,8.9,35.3
2020-06-25,CM,25.5,10.3,37.5
2020-06-25,CN,21,7,30
2020-06-25,CT,22.9,9.3,34.5
2020-06-25,EX,26,14.3,36.9
2020-06-25,GA,19,12.6,30.1
2020-06-25,IB,24.8,11.6,34.5
2020-06-25,MC,25,12.7,35.4
2020-06-25,MD,25.5,9.1,36.2
2020-06-25,ML,23.9,21.1,26.8
2020-06-25,NC,23,11.2,35.6
2020-06-25,PV,21.1,14.5,29.4
2020-06-25,RI,21.2,13.4,32.1
2020-06-25,VC,24,12.3,33.9
2020-06-26,AN,23.6,12.6,35.4
2020-06-26,AR,22.2,6.7,35.5
2020-06-26,AS,18,8.9,26.2
2020-06-26,CB,17.1,10.2,25.2
2020-06-26,CE,23.6,20,27.3
2020-06-26,CL,19.7,5.7,31.7
2020-06-26,CM,24.2,10.7,37.2
2020-06-26,CN,21,7.3,30.8
2020-06-26,CT,23.1,10.9,33.7
2020-06-26,EX,21.6,10.5,32
2020-06-26,GA,17.3,9.8,27
2020-06-26,IB,24.6,11.6,34.3
2020-06-26,MC,24.9,12.2,34
2020-06-26,MD,23.2,10,33.6
2020-06-26,ML,24.9,21.1,28.8
2020-06-26,NC,21.6,11.4,32.4
2020-06-26,PV,18.2,12.8,29.9
2020-06-26,RI,21.9,13.2,31.7
2020-06-26,VC,23.7,13.1,33.7
2020-06-27,AN,24.2,11.6,39.1
2020-06-27,AR,21.7,8.3,34.4
2020-06-27,AS,18.8,8.9,26.7
2020-06-27,CB,18.2,6.8,28
2020-06-27,CE,24.8,18.6,31
2020-06-27,CL,19.1,7.3,32.9
2020-06-27,CM,23.4,9.6,36.5
2020-06-27,CN,21.3,8.8,30.3
2020-06-27,CT,22.7,9.5,33.6
2020-06-27,EX,23.4,12.2,33.6
2020-06-27,GA,18,12,25.8
2020-06-27,IB,25.1,15.6,32.2
2020-06-27,MC,26.6,15.4,37.3
2020-06-27,MD,22.8,8.7,34
2020-06-27,ML,26.9,23,30.7
2020-06-27,NC,21.4,9.9,33
2020-06-27,PV,20.3,10.7,29.4
2020-06-27,RI,20.8,10.9,30.8
2020-06-27,VC,24.8,11.2,36.4
2020-06-28,AN,26.2,13.9,39.6
2020-06-28,AR,23.6,8.7,35.9
2020-06-28,AS,18.2,7.4,26
2020-06-28,CB,19.8,10.5,28.3
2020-06-28,CE,24.9,20.6,29.3
2020-06-28,CL,20.6,6.7,35.8
2020-06-28,CM,25.3,10.2,39.1
2020-06-28,CN,21.6,9.4,30.7
2020-06-28,CT,23.6,11.2,34.3
2020-06-28,EX,26,12.8,37.5
2020-06-28,GA,17.8,9.6,29.2
2020-06-28,IB,24.5,14.3,32.7
2020-06-28,MC,25.5,14.2,35.7
2020-06-28,MD,24.1,9.4,36.2
2020-06-28,ML,23.9,20,27.9
2020-06-28,NC,22.5,13.2,34
2020-06-28,PV,21.3,13.7,29.7
2020-06-28,RI,22,12.1,32.1
2020-06-28,VC,24.4,12.4,35.9
2020-06-29,AN,27.3,13.8,41.4
2020-06-29,AR,23.6,10.5,36.2
2020-06-29,AS,17.2,8.4,25.1
2020-06-29,CB,17.1,9.9,24.2
2020-06-29,CE,23,19.7,26.2
2020-06-29,CL,21.6,7.6,38
2020-06-29,CM,26.8,11.8,40.8
2020-06-29,CN,21.3,10.1,29.5
2020-06-29,CT,23.6,13.1,34.3
2020-06-29,EX,27.9,14.8,38.6
2020-06-29,GA,19.6,11,32.6
2020-06-29,IB,25,13.3,33.3
2020-06-29,MC,25.8,12.5,37.8
2020-06-29,MD,25.9,10.4,37.9
2020-06-29,ML,23.7,21,26.4
2020-06-29,NC,20,12.2,30.2
2020-06-29,PV,17.8,12.7,24.5
2020-06-29,RI,19.8,10,29.3
2020-06-29,VC,24.9,12.6,37.5
2020-06-30,AN,26.6,13.9,40.4
2020-06-30,AR,23.7,10.4,36
2020-06-30,AS,18.4,8.9,28.5
2020-06-30,CB,18.6,7.6,32.2
2020-06-30,CE,23.7,21.1,26.2
2020-06-30,CL,23,8.2,38.3
2020-06-30,CM,27.2,12.1,41
2020-06-30,CN,21.9,10.1,31.3
2020-06-30,CT,24,13.8,33.1
2020-06-30,EX,28.3,14.9,39.4
2020-06-30,GA,20.9,10.3,36.6
2020-06-30,IB,25.5,12.6,35.3
2020-06-30,MC,26,14,35.7
2020-06-30,MD,27.3,10.5,38.7
2020-06-30,ML,25.3,22,28.6
2020-06-30,NC,21.3,6.6,34
2020-06-30,PV,19.9,10.8,31.4
2020-06-30,RI,21.4,10.5,33.6
2020-06-30,VC,25.2,13.3,34.4
2020-07-01,AN,25.9027777777778,13.9,39.8
2020-07-02,AN,26.3810810810811,13.5,40.3
2020-07-03,AN,24.8405405405405,12.7,37.3
2020-07-04,AN,25.8194444444444,13.1,40
2020-07-05,AN,27.3162162162162,15.8,40.4
2020-07-06,AN,27.7756756756757,14.2,42.7
2020-07-07,AN,29.0513513513514,14.9,43.2
2020-07-08,AN,27.9921052631579,18.3,40.7
2020-07-09,AN,24.8921052631579,13.7,36.7
2020-07-10,AN,25.7297297297297,15,39.5
2020-07-11,AN,27.5944444444444,15.5,42.6
2020-07-12,AN,28.3540540540541,18.1,39.7
2020-07-13,AN,27.6527777777778,13.7,39.8
2020-07-14,AN,27.3441176470588,15.7,39.7
2020-07-15,AN,27.25,15.2,40.2
2020-07-01,AR,25.4307692307692,14.3,36.4
2020-07-02,AR,22.1692307692308,12,33.4
2020-07-03,AR,20.0769230769231,8.8,30.9
2020-07-04,AR,20.4,6.4,33.1
2020-07-05,AR,23.2615384615385,9.5,35.6
2020-07-06,AR,22.7333333333333,10.7,34.8
2020-07-07,AR,21.8,7.5,36.6
2020-07-08,AR,24.4307692307692,12,35.3
2020-07-09,AR,25.2181818181818,14.8,35.9
2020-07-10,AR,23.6363636363636,11.7,33.9
2020-07-11,AR,23.1545454545455,11.9,33.6
2020-07-12,AR,22.7181818181818,13.8,31.7
2020-07-13,AR,23.1454545454545,11.9,32.4
2020-07-14,AR,20.7818181818182,10.6,29.8
2020-07-15,AR,19.4333333333333,9.6,29.3
2020-07-01,AS,17.27,8.7,22.1
2020-07-02,AS,14.8,4.1,20.3
2020-07-03,AS,15.45,1.3,21.8
2020-07-04,AS,17.02,7.1,25.2
2020-07-05,AS,18.6,10.8,25.1
2020-07-06,AS,16.22,8.6,19.5
2020-07-07,AS,18.68,9.4,24.7
2020-07-08,AS,19.86,12,27
2020-07-09,AS,18.96,11.1,23.8
2020-07-10,AS,16.68,8.2,20.5
2020-07-11,AS,18.17,6.3,23.2
2020-07-12,AS,19.37,9.7,25.2
2020-07-13,AS,18.38,8.5,24.8
2020-07-14,AS,16.58,6,22.7
2020-07-15,AS,17.8111111111111,6,22.7
2020-07-01,IB,26.7888888888889,18.2,35
2020-07-02,IB,25.7,17.1,33.8
2020-07-03,IB,23.34,14.8,29.4
2020-07-04,IB,23.17,14.6,29
2020-07-05,IB,23.84,13.7,31.9
2020-07-06,IB,25.28,14.6,34
2020-07-07,IB,24.4777777777778,17.2,30.6
2020-07-08,IB,24.63,13.6,33.3
2020-07-09,IB,25.85,17.3,33.5
2020-07-10,IB,26.5,19,34.6
2020-07-11,IB,25.18,16.7,32.2
2020-07-12,IB,25.01,16.3,32.6
2020-07-13,IB,25.9333333333333,18.9,32.8
2020-07-14,IB,24.35,14.9,32.3
2020-07-15,IB,23.67,15.2,30.9
2020-07-01,CN,23.55,16,29.5
2020-07-02,CN,23.575,16.2,30.7
2020-07-03,CN,23.66,16.4,29.7
2020-07-04,CN,23.0466666666667,15.8,29.7
2020-07-05,CN,23.7785714285714,15.6,31.4
2020-07-06,CN,24.9533333333333,16.5,34.1
2020-07-07,CN,25.22,19.8,37.5
2020-07-08,CN,25.12,17.7,35.7
2020-07-09,CN,23.7466666666667,14.4,33.4
2020-07-10,CN,23.12,13.6,28.5
2020-07-11,CN,23.1333333333333,12,29.6
2020-07-12,CN,23.4142857142857,14.3,29.8
2020-07-13,CN,22.95,13.2,29.2
2020-07-14,CN,23.0933333333333,10.7,32.4
2020-07-15,CN,23.4785714285714,11.8,30.8
2020-07-01,CB,18.5428571428571,10.8,26
2020-07-02,CB,16.1142857142857,10,20.7
2020-07-03,CB,17.1714285714286,8.2,22.6
2020-07-04,CB,17.3285714285714,5,27.5
2020-07-05,CB,19.2,7.5,30.8
2020-07-06,CB,17.8142857142857,10.6,24.2
2020-07-07,CB,18.2,6.4,28.8
2020-07-08,CB,19.5142857142857,8.2,29.9
2020-07-09,CB,20.3571428571429,9.7,29.8
2020-07-10,CB,18.5428571428571,11.6,21.9
2020-07-11,CB,19.1,8.9,24.9
2020-07-12,CB,20.4714285714286,13,27.8
2020-07-13,CB,19.1142857142857,9.3,25.6
2020-07-14,CB,18,8,24.1
2020-07-15,CB,17.8142857142857,8.8,22.8
2020-07-01,CL,22.8227272727273,12.2,34.3
2020-07-02,CL,19.1090909090909,8,32.3
2020-07-03,CL,18.1761904761905,5.4,34.2
2020-07-04,CL,20.2809523809524,5.2,36.5
2020-07-05,CL,23.4904761904762,9.3,38.5
2020-07-06,CL,23.095,10,40.1
2020-07-07,CL,23.0894736842105,7.9,38.6
2020-07-08,CL,24.3263157894737,10.4,37.7
2020-07-09,CL,23.595,12.2,37.1
2020-07-10,CL,21.6,10.6,34.6
2020-07-11,CL,22.5809523809524,9,38
2020-07-12,CL,23.12,12.6,34.4
2020-07-13,CL,21.6333333333333,10.2,36.6
2020-07-14,CL,20.225,8.4,36.3
2020-07-15,CL,19.34,7.6,35.9
2020-07-01,CM,26.9368421052632,13.7,37.6
2020-07-02,CM,25.3473684210526,10.9,36.3
2020-07-03,CM,24.0421052631579,11.4,34.6
2020-07-04,CM,25.2526315789474,7.6,38.1
2020-07-05,CM,26.4157894736842,7.8,39.7
2020-07-06,CM,27.5736842105263,12.1,40.2
2020-07-07,CM,28.4722222222222,9.7,41.5
2020-07-08,CM,27.5235294117647,13.4,39.7
2020-07-09,CM,24.8894736842105,12.7,37.2
2020-07-10,CM,24.5210526315789,10.2,36.5
2020-07-11,CM,26.7166666666667,12.5,39.1
2020-07-12,CM,25.7411764705882,14.3,36.8
2020-07-13,CM,25.5222222222222,11.5,37.8
2020-07-14,CM,24.4470588235294,11.6,36.9
2020-07-15,CM,23.5294117647059,8.4,35.8
2020-07-01,CT,25.4769230769231,13.8,35.7
2020-07-02,CT,23.9769230769231,10.1,32.8
2020-07-03,CT,21.7,7.7,32.2
2020-07-04,CT,21.8076923076923,5.9,32.8
2020-07-05,CT,23.35,10.9,34.1
2020-07-06,CT,24.6384615384615,10.3,37.1
2020-07-07,CT,23.1923076923077,8.2,33.8
2020-07-08,CT,23.9333333333333,10.5,34.3
2020-07-09,CT,25.1923076923077,12.9,36.1
2020-07-10,CT,24.6538461538462,10.3,35.3
2020-07-11,CT,23.9538461538462,10.2,34.8
2020-07-12,CT,23.8615384615385,12.1,32.7
2020-07-13,CT,24.1230769230769,7.6,34.6
2020-07-14,CT,22.7538461538462,6.4,33
2020-07-15,CT,21.9083333333333,7.4,33.8
2020-07-01,VC,26.0846153846154,13.7,42.2
2020-07-02,VC,25.5230769230769,12.6,37
2020-07-03,VC,24.2230769230769,10.7,31.1
2020-07-04,VC,24.3384615384615,8.2,34.7
2020-07-05,VC,24.7846153846154,11.1,35.9
2020-07-06,VC,25.5923076923077,13.9,37.5
2020-07-07,VC,25.5692307692308,12.7,37.7
2020-07-08,VC,24.9923076923077,14,33.2
2020-07-09,VC,25.9461538461538,14.9,33.1
2020-07-10,VC,25.0230769230769,12.3,34.3
2020-07-11,VC,24.8,13,32.8
2020-07-12,VC,24.7153846153846,14.6,31.2
2020-07-13,VC,24.5416666666667,13.7,33.5
2020-07-14,VC,23.4642857142857,11.7,31.2
2020-07-15,VC,23.0384615384615,8.8,32.2
2020-07-01,EX,27,16.8,36.9
2020-07-02,EX,24.9888888888889,15.8,33.9
2020-07-03,EX,23.9777777777778,11,35.3
2020-07-04,EX,27.3,14.9,38.2
2020-07-05,EX,29.6,17.2,40.5
2020-07-06,EX,30.8181818181818,17,42.1
2020-07-07,EX,30.8454545454545,17.1,41.8
2020-07-08,EX,29.3363636363636,19.3,39.9
2020-07-09,EX,26.7636363636364,14.4,37.3
2020-07-10,EX,28.7818181818182,18.6,39.3
2020-07-11,EX,30.4727272727273,18,41.5
2020-07-12,EX,29.5181818181818,18.9,38.9
2020-07-13,EX,29.7454545454545,19.9,40.1
2020-07-14,EX,30.0272727272727,19.2,40.1
2020-07-15,EX,29.3272727272727,19.4,39.1
2020-07-01,GA,18.3666666666667,13.2,26.5
2020-07-02,GA,16.3266666666667,7.9,24.1
2020-07-03,GA,16.16,3.6,28.8
2020-07-04,GA,18.9466666666667,4.4,33.4
2020-07-05,GA,21.6666666666667,11.8,36
2020-07-06,GA,20.42,12,32.9
2020-07-07,GA,21.5285714285714,10.2,36.4
2020-07-08,GA,20.7466666666667,12.8,33.4
2020-07-09,GA,20.7,12.8,32.9
2020-07-10,GA,19.1733333333333,8.4,30.1
2020-07-11,GA,21.28,7.8,35.6
2020-07-12,GA,23.04,14.9,35.8
2020-07-13,GA,21.44,12.2,33.9
2020-07-14,GA,18.9533333333333,8.7,29.3
2020-07-15,GA,20.08,7.7,33.6
2020-07-01,MD,25.9545454545455,13.1,36.2
2020-07-02,MD,23.675,10,34.5
2020-07-03,MD,21.8833333333333,7.7,33.3
2020-07-04,MD,23.6666666666667,10.6,35.5
2020-07-05,MD,26.2666666666667,13.5,38.5
2020-07-06,MD,27.3333333333333,15.7,38.2
2020-07-07,MD,27.9833333333333,15.4,40
2020-07-08,MD,27.0153846153846,13.1,37
2020-07-09,MD,24.9769230769231,12.2,35.2
2020-07-10,MD,23.7916666666667,11,34.6
2020-07-11,MD,26.7333333333333,14.3,37.9
2020-07-12,MD,25.175,13,36
2020-07-13,MD,24.7,13.3,35.8
2020-07-14,MD,24.3083333333333,10.5,34.9
2020-07-15,MD,23.5333333333333,11.3,34.3
2020-07-01,MC,27.59,15.7,40.5
2020-07-02,MC,27.42,17.4,39.8
2020-07-03,MC,26.35,15.6,33.9
2020-07-04,MC,26.34,15.9,33.8
2020-07-05,MC,26.04,15.1,34.5
2020-07-06,MC,25.87,15.3,36.4
2020-07-07,MC,26.47,15.8,37.6
2020-07-08,MC,26.38,16.4,34.7
2020-07-09,MC,26.63,17.9,33.7
2020-07-10,MC,26.23,15.8,35.2
2020-07-11,MC,26.59,15.8,35.6
2020-07-12,MC,27.1,18.6,34
2020-07-13,MC,26.4,15.1,34.7
2020-07-14,MC,25.0888888888889,16.5,30.1
2020-07-15,MC,25.0555555555556,14.9,32.3
2020-07-01,NC,22,15.6,33.8
2020-07-02,NC,19.35,14,28.3
2020-07-03,NC,17.325,10.6,24.5
2020-07-04,NC,18.8,8.2,30.3
2020-07-05,NC,21.75,11.4,34.5
2020-07-06,NC,18.425,11.4,27
2020-07-07,NC,19.8,11.3,31.4
2020-07-08,NC,22.25,10.7,34.6
2020-07-09,NC,24.575,14.4,35.5
2020-07-10,NC,20.875,15.9,30.3
2020-07-11,NC,21.75,14.5,32.4
2020-07-12,NC,21.625,13.7,31.4
2020-07-13,NC,20.55,12.8,29.4
2020-07-14,NC,18.55,11.1,27.2
2020-07-15,NC,17.6,10.4,25
2020-07-01,PV,19.73,12.8,25.1
2020-07-02,PV,16.47,11.8,19.9
2020-07-03,PV,16.56,7.8,23.2
2020-07-04,PV,17.34,4.5,26.8
2020-07-05,PV,19.3888888888889,7.8,29.1
2020-07-06,PV,17.31,10.5,23
2020-07-07,PV,18.63,11.6,25.3
2020-07-08,PV,19.71,9.1,29.2
2020-07-09,PV,20.88,12,28.4
2020-07-10,PV,19.19,13.4,25.3
2020-07-11,PV,19.87,13.2,25.4
2020-07-12,PV,20.93,12.8,29.1
2020-07-13,PV,20.06,11,26.5
2020-07-14,PV,18.22,8.5,24.2
2020-07-15,PV,17.8,8,24.1
2020-07-01,RI,23.4,17.5,29.4
2020-07-02,RI,20.8,16.2,25.3
2020-07-03,RI,18.1,12.5,23.7
2020-07-04,RI,20.4,10.5,30.2
2020-07-05,RI,24.4,15.8,33.1
2020-07-06,RI,20.1,14.5,25.7
2020-07-07,RI,22,12,32.1
2020-07-08,RI,23.2,13.8,32.7
2020-07-09,RI,26.2,17.9,34.5
2020-07-10,RI,22.2,17.8,26.6
2020-07-11,RI,23.8,17.2,30.5
2020-07-12,RI,23.6,17.2,29.9
2020-07-13,RI,22.2,15.9,28.5
2020-07-14,RI,20.4,14,26.8
2020-07-15,RI,18.7,12.7,24.7
